Timestamp,Bid,Ask,Spread,Volume
1790978728873.0,4145.33,4145.88,0.5500000000001819,0.0
1790978728988.0,4145.32,4145.87,0.5500000000001819,0.0
1790978729090.0,4145.13,4145.68,0.5500000000001819,0.0
1790978729163.0,4145.12,4145.67,0.5500000000001819,0.0
1790978729237.0,4145.13,4145.68,0.5500000000001819,0.0
1790978729540.0,4145.14,4145.69,0.5499999999992724,0.0
1790978729640.0,4145.23,4145.78,0.5500000000001819,0.0
1790978730238.0,4145.24,4145.79,0.5500000000001819,0.0
1790978730342.0,4145.26,4145.81,0.5500000000001819,0.0
1790978730492.0,4145.18,4145.73,0.5499999999992724,0.0
1790978730685.0,4145.25,4145.8,0.5500000000001819,0.0
1790978731188.0,4145.24,4145.79,0.5500000000001819,0.0
1790978731288.0,4145.21,4145.76,0.5500000000001819,0.0
1790978731472.0,4145.24,4145.79,0.5500000000001819,0.0
1790978731555.0,4145.27,4145.82,0.5499999999992724,0.0
1790978731628.0,4145.35,4145.9,0.5499999999992724,0.0
1790978732056.0,4145.34,4145.89,0.5500000000001819,0.0
1790978732139.0,4145.4,4145.96,0.5600000000004002,0.0
1790978732414.0,4145.41,4145.97,0.5600000000004002,0.0
1790978732488.0,4145.4,4145.96,0.5600000000004002,0.0
1790978732565.0,4145.39,4145.94,0.5499999999992724,0.0
1790978733261.0,4145.36,4145.92,0.5600000000004002,0.0
1790978733339.0,4145.39,4145.95,0.5599999999994907,0.0
1790978733424.0,4145.38,4145.94,0.5599999999994907,0.0
1790978733742.0,4145.4,4145.96,0.5600000000004002,0.0
1790978733837.0,4145.39,4145.95,0.5599999999994907,0.0
1790978734299.0,4145.4,4145.96,0.5600000000004002,0.0
1790978734545.0,4145.35,4145.9,0.5499999999992724,0.0
1790978735161.0,4145.39,4145.95,0.5599999999994907,0.0
1790978735558.0,4145.4,4145.96,0.5600000000004002,0.0
1790978735773.0,4145.42,4145.98,0.5599999999994907,0.0
1790978735883.0,4145.4,4145.96,0.5600000000004002,0.0
1790978736490.0,4145.54,4146.09,0.5500000000001819,0.0
1790978736588.0,4145.57,4146.12,0.5500000000001819,0.0
1790978736667.0,4145.53,4146.09,0.5600000000004002,0.0
1790978736738.0,4145.55,4146.1,0.5500000000001819,0.0
1790978737288.0,4145.54,4146.09,0.5500000000001819,0.0
1790978737383.0,4145.55,4146.1,0.5500000000001819,0.0
1790978737739.0,4145.68,4146.23,0.5499999999992724,0.0
1790978737839.0,4145.72,4146.27,0.5500000000001819,0.0
1790978737944.0,4145.73,4146.28,0.5500000000001819,0.0
1790978738715.0,4145.72,4146.27,0.5500000000001819,0.0
1790978738790.0,4145.66,4146.21,0.5500000000001819,0.0
1790978738884.0,4145.73,4146.28,0.5500000000001819,0.0
1790978739450.0,4145.62,4146.18,0.5600000000004002,0.0
1790978739562.0,4145.61,4146.17,0.5600000000004002,0.0
1790978739738.0,4145.62,4146.18,0.5600000000004002,0.0
1790978739842.0,4145.61,4146.17,0.5600000000004002,0.0
1790978739990.0,4145.54,4146.09,0.5500000000001819,0.0
1790978740088.0,4145.46,4146.01,0.5500000000001819,0.0
1790978740166.0,4145.4,4145.95,0.5500000000001819,0.0
1790978740237.0,4145.34,4145.89,0.5500000000001819,0.0
1790978740340.0,4145.35,4145.9,0.5499999999992724,0.0
1790978740543.0,4145.36,4145.92,0.5600000000004002,0.0
1790978740944.0,4145.4,4145.96,0.5600000000004002,0.0
1790978741045.0,4145.45,4146.0,0.5500000000001819,0.0
1790978741365.0,4145.4,4145.96,0.5600000000004002,0.0
1790978742371.0,4145.41,4145.97,0.5600000000004002,0.0
1790978742492.0,4145.39,4145.95,0.5599999999994907,0.0
1790978744166.0,4145.41,4145.97,0.5600000000004002,0.0
1790978745006.0,4145.37,4145.92,0.5500000000001819,0.0
1790978745089.0,4145.4,4145.95,0.5500000000001819,0.0
1790978745163.0,4145.41,4145.97,0.5600000000004002,0.0
1790978746037.0,4145.4,4145.96,0.5600000000004002,0.0
1790978746140.0,4145.36,4145.91,0.5500000000001819,0.0
1790978746390.0,4145.4,4145.96,0.5600000000004002,0.0
1790978746538.0,4145.43,4145.98,0.5499999999992724,0.0
1790978746890.0,4145.51,4146.07,0.5599999999994907,0.0
1790978746993.0,4145.4,4145.96,0.5600000000004002,0.0
1790978747091.0,4145.38,4145.94,0.5599999999994907,0.0
1790978747190.0,4145.37,4145.93,0.5600000000004002,0.0
1790978747329.0,4145.4,4145.96,0.5600000000004002,0.0
1790978748739.0,4145.44,4145.99,0.5500000000001819,0.0
1790978748815.0,4145.43,4145.98,0.5499999999992724,0.0
1790978748945.0,4145.44,4145.99,0.5500000000001819,0.0
1790978749053.0,4145.43,4145.98,0.5499999999992724,0.0
1790978749188.0,4145.39,4145.94,0.5499999999992724,0.0
1790978749272.0,4145.37,4145.92,0.5500000000001819,0.0
1790978749481.0,4145.35,4145.9,0.5499999999992724,0.0
1790978749644.0,4145.34,4145.89,0.5500000000001819,0.0
1790978749742.0,4145.35,4145.9,0.5499999999992724,0.0
1790978749838.0,4145.36,4145.91,0.5500000000001819,0.0
1790978750062.0,4145.38,4145.93,0.5500000000001819,0.0
1790978750163.0,4145.36,4145.91,0.5500000000001819,0.0
1790978750789.0,4145.38,4145.93,0.5500000000001819,0.0
1790978750912.0,4145.41,4145.96,0.5500000000001819,0.0
1790978750991.0,4145.42,4145.97,0.5500000000001819,0.0
1790978751240.0,4145.49,4146.05,0.5600000000004002,0.0
1790978751340.0,4145.65,4146.2,0.5500000000001819,0.0
1790978751440.0,4145.61,4146.16,0.5500000000001819,0.0
1790978751542.0,4145.62,4146.17,0.5500000000001819,0.0
1790978751639.0,4145.61,4146.16,0.5500000000001819,0.0
1790978751839.0,4145.57,4146.13,0.5600000000004002,0.0
1790978751988.0,4145.52,4146.07,0.5499999999992724,0.0
1790978752089.0,4145.59,4146.13,0.5399999999999636,0.0
1790978752190.0,4145.56,4146.11,0.5499999999992724,0.0
1790978752290.0,4145.6,4146.16,0.5599999999994907,0.0
1790978752412.0,4145.61,4146.17,0.5600000000004002,0.0
1790978752538.0,4145.65,4146.2,0.5500000000001819,0.0
1790978752639.0,4145.74,4146.29,0.5500000000001819,0.0
1790978752881.0,4145.75,4146.3,0.5500000000001819,0.0
1790978753001.0,4145.73,4146.28,0.5500000000001819,0.0
1790978753088.0,4145.59,4146.14,0.5500000000001819,0.0
1790978753159.0,4145.56,4146.11,0.5499999999992724,0.0
1790978753388.0,4145.53,4146.07,0.5399999999999636,0.0
1790978753489.0,4145.56,4146.11,0.5499999999992724,0.0
1790978753597.0,4145.44,4145.99,0.5500000000001819,0.0
1790978754590.0,4145.46,4146.01,0.5500000000001819,0.0
1790978755489.0,4145.47,4146.02,0.5500000000001819,0.0
1790978755594.0,4145.46,4146.01,0.5500000000001819,0.0
1790978755787.0,4145.47,4146.02,0.5500000000001819,0.0
1790978756031.0,4145.49,4146.05,0.5600000000004002,0.0
1790978756132.0,4145.52,4146.07,0.5499999999992724,0.0
1790978756241.0,4145.45,4146.0,0.5500000000001819,0.0
1790978756931.0,4145.44,4145.99,0.5500000000001819,0.0
1790978757033.0,4145.38,4145.93,0.5500000000001819,0.0
1790978757109.0,4145.4,4145.95,0.5500000000001819,0.0
1790978757185.0,4145.44,4145.99,0.5500000000001819,0.0
1790978757485.0,4145.45,4146.0,0.5500000000001819,0.0
1790978757593.0,4145.44,4145.99,0.5500000000001819,0.0
1790978757795.0,4145.45,4146.0,0.5500000000001819,0.0
1790978757889.0,4145.55,4146.1,0.5500000000001819,0.0
1790978758004.0,4145.61,4146.16,0.5500000000001819,0.0
1790978758209.0,4145.54,4146.09,0.5500000000001819,0.0
1790978758988.0,4145.53,4146.08,0.5500000000001819,0.0
1790978759092.0,4145.53,4146.09,0.5600000000004002,0.0
1790978759616.0,4145.52,4146.07,0.5499999999992724,0.0
1790978760238.0,4145.53,4146.08,0.5500000000001819,0.0
1790978760493.0,4145.47,4146.02,0.5500000000001819,0.0
1790978760917.0,4145.43,4145.99,0.5599999999994907,0.0
1790978761391.0,4145.37,4145.92,0.5500000000001819,0.0
1790978762024.0,4145.36,4145.91,0.5500000000001819,0.0
1790978762338.0,4145.34,4145.89,0.5500000000001819,0.0
1790978762461.0,4145.36,4145.91,0.5500000000001819,0.0
1790978762539.0,4145.42,4145.97,0.5500000000001819,0.0
1790978762639.0,4145.39,4145.94,0.5499999999992724,0.0
1790978762938.0,4145.37,4145.92,0.5500000000001819,0.0
1790978763058.0,4145.42,4145.97,0.5500000000001819,0.0
1790978763892.0,4145.46,4146.01,0.5500000000001819,0.0
1790978764579.0,4145.47,4146.02,0.5500000000001819,0.0
1790978770751.0,4145.48,4146.03,0.5500000000001819,0.0
1790978771944.0,4145.46,4146.01,0.5500000000001819,0.0
1790978772033.0,4145.43,4145.98,0.5499999999992724,0.0
1790978772348.0,4145.46,4146.01,0.5500000000001819,0.0
1790978772451.0,4145.47,4146.02,0.5500000000001819,0.0
1790978772938.0,4145.45,4146.0,0.5500000000001819,0.0
1790978773624.0,4145.44,4145.99,0.5500000000001819,0.0
1790978773732.0,4145.45,4146.0,0.5500000000001819,0.0
1790978774689.0,4145.47,4146.02,0.5500000000001819,0.0
1790978775778.0,4145.46,4146.01,0.5500000000001819,0.0
1790978776139.0,4145.43,4145.98,0.5499999999992724,0.0
1790978776238.0,4145.46,4146.01,0.5500000000001819,0.0
1790978776849.0,4145.45,4146.0,0.5500000000001819,0.0
1790978777024.0,4145.42,4145.97,0.5500000000001819,0.0
1790978777123.0,4145.46,4146.01,0.5500000000001819,0.0
1790978778591.0,4145.54,4146.08,0.5399999999999636,0.0
1790978778665.0,4145.57,4146.12,0.5500000000001819,0.0
1790978778760.0,4145.56,4146.11,0.5499999999992724,0.0
1790978779287.0,4145.54,4146.09,0.5500000000001819,0.0
1790978780488.0,4145.46,4146.01,0.5500000000001819,0.0
1790978780560.0,4145.45,4146.0,0.5500000000001819,0.0
1790978780689.0,4145.48,4146.03,0.5500000000001819,0.0
1790978781338.0,4145.45,4146.0,0.5500000000001819,0.0
1790978781424.0,4145.47,4146.02,0.5500000000001819,0.0
1790978781542.0,4145.49,4146.04,0.5500000000001819,0.0
1790978781626.0,4145.53,4146.08,0.5500000000001819,0.0
1790978784958.0,4145.47,4146.02,0.5500000000001819,0.0
1790978785037.0,4145.49,4146.05,0.5600000000004002,0.0
1790978785138.0,4145.52,4146.07,0.5499999999992724,0.0
1790978785949.0,4145.44,4145.99,0.5500000000001819,0.0
1790978786138.0,4145.45,4146.0,0.5500000000001819,0.0
1790978786437.0,4145.39,4145.94,0.5499999999992724,0.0
1790978786888.0,4144.99,4145.54,0.5500000000001819,0.0
1790978786988.0,4144.93,4145.48,0.5499999999992724,0.0
1790978787088.0,4144.89,4145.44,0.5499999999992724,0.0
1790978787278.0,4144.91,4145.46,0.5500000000001819,0.0
1790978787739.0,4144.88,4145.43,0.5500000000001819,0.0
1790978788541.0,4144.85,4145.4,0.5499999999992724,0.0
1790978789195.0,4144.78,4145.33,0.5500000000001819,0.0
1790978789287.0,4144.81,4145.36,0.5499999999992724,0.0
1790978789953.0,4144.91,4145.46,0.5500000000001819,0.0
1790978790838.0,4144.89,4145.44,0.5499999999992724,0.0
1790978790966.0,4144.84,4145.39,0.5500000000001819,0.0
1790978791037.0,4144.85,4145.4,0.5499999999992724,0.0
1790978792041.0,4144.83,4145.38,0.5500000000001819,0.0
1790978793138.0,4144.82,4145.37,0.5500000000001819,0.0
1790978793348.0,4144.83,4145.38,0.5500000000001819,0.0
1790978794138.0,4144.9,4145.45,0.5500000000001819,0.0
1790978794239.0,4144.92,4145.47,0.5500000000001819,0.0
1790978795071.0,4144.91,4145.46,0.5500000000001819,0.0
1790978795278.0,4144.92,4145.47,0.5500000000001819,0.0
1790978795447.0,4145.03,4145.59,0.5600000000004002,0.0
1790978795538.0,4145.01,4145.56,0.5500000000001819,0.0
1790978795614.0,4145.04,4145.59,0.5500000000001819,0.0
1790978797711.0,4145.05,4145.6,0.5500000000001819,0.0
1790978799039.0,4144.92,4145.48,0.5599999999994907,0.0
1790978799138.0,4144.89,4145.44,0.5499999999992724,0.0
1790978799239.0,4144.92,4145.48,0.5599999999994907,0.0
1790978799516.0,4144.93,4145.48,0.5499999999992724,0.0
1790978800852.0,4145.05,4145.6,0.5500000000001819,0.0
1790978800943.0,4145.07,4145.62,0.5500000000001819,0.0
1790978801039.0,4144.94,4145.49,0.5500000000001819,0.0
1790978801115.0,4144.88,4145.43,0.5500000000001819,0.0
1790978801191.0,4144.87,4145.42,0.5500000000001819,0.0
1790978802449.0,4144.89,4145.44,0.5499999999992724,0.0
1790978804211.0,4144.9,4145.45,0.5500000000001819,0.0
1790978804588.0,4144.82,4145.37,0.5500000000001819,0.0
1790978804689.0,4144.83,4145.38,0.5500000000001819,0.0
1790978805789.0,4144.74,4145.29,0.5500000000001819,0.0
1790978805905.0,4144.68,4145.23,0.5499999999992724,0.0
1790978805989.0,4144.66,4145.21,0.5500000000001819,0.0
1790978806139.0,4144.68,4145.23,0.5499999999992724,0.0
1790978806645.0,4144.6,4145.16,0.5599999999994907,0.0
1790978806891.0,4144.62,4145.17,0.5500000000001819,0.0
1790978807679.0,4144.6,4145.15,0.5499999999992724,0.0
1790978808056.0,4144.62,4145.17,0.5500000000001819,0.0
1790978808138.0,4144.61,4145.16,0.5500000000001819,0.0
1790978808241.0,4144.59,4145.14,0.5500000000001819,0.0
1790978809787.0,4144.6,4145.15,0.5499999999992724,0.0
1790978810788.0,4144.61,4145.17,0.5600000000004002,0.0
1790978811115.0,4144.6,4145.15,0.5499999999992724,0.0
1790978811195.0,4144.61,4145.17,0.5600000000004002,0.0
1790978811590.0,4144.5,4145.05,0.5500000000001819,0.0
1790978811687.0,4144.46,4145.02,0.5600000000004002,0.0
1790978811762.0,4144.4,4144.96,0.5600000000004002,0.0
1790978812038.0,4144.43,4144.98,0.5499999999992724,0.0
1790978812138.0,4144.41,4144.97,0.5600000000004002,0.0
1790978812942.0,4144.43,4144.98,0.5499999999992724,0.0
1790978813040.0,4144.78,4145.33,0.5500000000001819,0.0
1790978813292.0,4144.81,4145.36,0.5499999999992724,0.0
1790978814205.0,4144.82,4145.37,0.5500000000001819,0.0
1790978815388.0,4144.7,4145.25,0.5500000000001819,0.0
1790978815470.0,4144.67,4145.23,0.5599999999994907,0.0
1790978815618.0,4144.7,4145.26,0.5600000000004002,0.0
1790978816338.0,4144.61,4145.17,0.5600000000004002,0.0
1790978816438.0,4144.53,4145.08,0.5500000000001819,0.0
1790978816538.0,4144.54,4145.1,0.5600000000004002,0.0
1790978816610.0,4144.51,4145.06,0.5500000000001819,0.0
1790978816744.0,4144.48,4145.04,0.5600000000004002,0.0
1790978816838.0,4144.4,4144.96,0.5600000000004002,0.0
1790978816938.0,4144.38,4144.93,0.5500000000001819,0.0
1790978817038.0,4144.39,4144.94,0.5499999999992724,0.0
1790978817132.0,4144.43,4144.98,0.5499999999992724,0.0
1790978817243.0,4144.52,4145.07,0.5499999999992724,0.0
1790978817458.0,4144.59,4145.14,0.5500000000001819,0.0
1790978817559.0,4144.57,4145.12,0.5500000000001819,0.0
1790978817838.0,4144.54,4145.1,0.5600000000004002,0.0
1790978817917.0,4144.48,4145.02,0.5400000000008731,0.0
1790978818038.0,4144.46,4145.01,0.5500000000001819,0.0
1790978818288.0,4144.61,4145.14,0.5300000000006548,0.0
1790978818943.0,4144.66,4145.06,0.4000000000005457,0.0
1790978819038.0,4144.65,4145.05,0.4000000000005457,0.0
1790978819121.0,4144.64,4145.04,0.3999999999996362,0.0
1790978819788.0,4144.52,4145.05,0.5299999999997453,0.0
1790978819896.0,4144.53,4145.06,0.5300000000006548,0.0
1790978820964.0,4144.51,4145.04,0.5299999999997453,0.0
1790978821237.0,4144.63,4145.16,0.5299999999997453,0.0
1790978821341.0,4144.25,4144.78,0.5299999999997453,0.0
1790978821439.0,4144.26,4144.79,0.5299999999997453,0.0
1790978821538.0,4144.27,4144.67,0.3999999999996362,0.0
1790978821638.0,4144.17,4144.7,0.5299999999997453,0.0
1790978821938.0,4144.3,4144.83,0.5299999999997453,0.0
1790978822010.0,4144.26,4144.79,0.5299999999997453,0.0
1790978822088.0,4144.17,4144.7,0.5299999999997453,0.0
1790978822197.0,4144.16,4144.69,0.5299999999997453,0.0
1790978822325.0,4144.18,4144.7,0.5199999999995271,0.0
1790978822439.0,4144.16,4144.69,0.5299999999997453,0.0
1790978823552.0,4144.41,4144.81,0.4000000000005457,0.0
1790978823951.0,4144.36,4144.87,0.5100000000002183,0.0
1790978824543.0,4144.54,4145.07,0.5299999999997453,0.0
1790978824640.0,4144.55,4145.08,0.5299999999997453,0.0
1790978824738.0,4144.53,4145.06,0.5300000000006548,0.0
1790978824840.0,4144.44,4144.84,0.4000000000005457,0.0
1790978824931.0,4144.33,4144.86,0.5299999999997453,0.0
1790978825041.0,4144.35,4144.88,0.5299999999997453,0.0
1790978825138.0,4144.37,4144.77,0.4000000000005457,0.0
1790978825240.0,4144.24,4144.77,0.5300000000006548,0.0
1790978825339.0,4144.28,4144.81,0.5300000000006548,0.0
1790978825545.0,4144.38,4144.78,0.3999999999996362,0.0
1790978825638.0,4144.18,4144.72,0.5399999999999636,0.0
1790978825846.0,4144.2,4144.74,0.5399999999999636,0.0
1790978825947.0,4144.22,4144.77,0.5500000000001819,0.0
1790978826041.0,4144.2,4144.75,0.5500000000001819,0.0
1790978826140.0,4144.21,4144.75,0.5399999999999636,0.0
1790978826337.0,4144.2,4144.75,0.5500000000001819,0.0
1790978826438.0,4144.1,4144.65,0.5499999999992724,0.0
1790978826538.0,4144.1,4144.64,0.5399999999999636,0.0
1790978826641.0,4144.12,4144.66,0.5399999999999636,0.0
1790978826712.0,4144.14,4144.68,0.5399999999999636,0.0
1790978826788.0,4144.18,4144.72,0.5399999999999636,0.0
1790978826888.0,4144.19,4144.73,0.5399999999999636,0.0
1790978827088.0,4144.1,4144.64,0.5399999999999636,0.0
1790978827188.0,4144.13,4144.67,0.5399999999999636,0.0
1790978827388.0,4144.19,4144.74,0.5500000000001819,0.0
1790978828089.0,4144.21,4144.75,0.5399999999999636,0.0
1790978828356.0,4144.22,4144.76,0.5399999999999636,0.0
1790978828607.0,4144.23,4144.77,0.5400000000008731,0.0
1790978828778.0,4144.25,4144.8,0.5500000000001819,0.0
1790978828998.0,4144.23,4144.77,0.5400000000008731,0.0
1790978829105.0,4144.24,4144.78,0.5399999999999636,0.0
1790978829489.0,4144.25,4144.8,0.5500000000001819,0.0
1790978830044.0,4144.4,4144.94,0.5399999999999636,0.0
1790978830143.0,4144.65,4145.2,0.5500000000001819,0.0
1790978830241.0,4144.94,4145.49,0.5500000000001819,0.0
1790978830339.0,4145.02,4145.58,0.5599999999994907,0.0
1790978830451.0,4145.03,4145.59,0.5600000000004002,0.0
1790978830540.0,4145.12,4145.67,0.5500000000001819,0.0
1790978830639.0,4145.05,4145.6,0.5500000000001819,0.0
1790978830711.0,4145.01,4145.56,0.5500000000001819,0.0
1790978830820.0,4145.04,4145.6,0.5600000000004002,0.0
1790978831288.0,4145.07,4145.63,0.5600000000004002,0.0
1790978831465.0,4145.08,4145.64,0.5600000000004002,0.0
1790978831630.0,4145.07,4145.62,0.5500000000001819,0.0
1790978832049.0,4145.07,4145.63,0.5600000000004002,0.0
1790978832154.0,4145.08,4145.64,0.5600000000004002,0.0
1790978832492.0,4145.06,4145.61,0.5499999999992724,0.0
1790978834057.0,4145.07,4145.63,0.5600000000004002,0.0
1790978834206.0,4145.06,4145.61,0.5499999999992724,0.0
1790978834318.0,4145.05,4145.6,0.5500000000001819,0.0
1790978834389.0,4144.96,4145.52,0.5600000000004002,0.0
1790978834591.0,4144.98,4145.54,0.5600000000004002,0.0
1790978834972.0,4144.99,4145.55,0.5600000000004002,0.0
1790978835137.0,4145.0,4145.55,0.5500000000001819,0.0
1790978835288.0,4144.98,4145.54,0.5600000000004002,0.0
1790978835387.0,4145.02,4145.57,0.5499999999992724,0.0
1790978835590.0,4145.0,4145.55,0.5500000000001819,0.0
1790978835691.0,4144.97,4145.52,0.5500000000001819,0.0
1790978835788.0,4144.9,4145.45,0.5500000000001819,0.0
1790978836938.0,4144.93,4145.49,0.5599999999994907,0.0
1790978837040.0,4144.97,4145.52,0.5500000000001819,0.0
1790978838220.0,4144.98,4145.53,0.5500000000001819,0.0
1790978838319.0,4145.0,4145.56,0.5600000000004002,0.0
1790978838424.0,4145.03,4145.58,0.5500000000001819,0.0
1790978839210.0,4145.02,4145.57,0.5499999999992724,0.0
1790978839308.0,4144.93,4145.48,0.5499999999992724,0.0
1790978839519.0,4144.9,4145.45,0.5500000000001819,0.0
1790978839591.0,4144.89,4145.44,0.5499999999992724,0.0
1790978839662.0,4144.92,4145.47,0.5500000000001819,0.0
1790978839811.0,4144.95,4145.5,0.5500000000001819,0.0
1790978840488.0,4144.91,4145.47,0.5600000000004002,0.0
1790978840568.0,4144.93,4145.48,0.5499999999992724,0.0
1790978841120.0,4144.97,4145.52,0.5500000000001819,0.0
1790978841990.0,4144.96,4145.51,0.5500000000001819,0.0
1790978842082.0,4144.97,4145.52,0.5500000000001819,0.0
1790978842199.0,4144.98,4145.53,0.5500000000001819,0.0
1790978843338.0,4144.91,4145.46,0.5500000000001819,0.0
1790978843539.0,4144.88,4145.44,0.5599999999994907,0.0
1790978845697.0,4144.98,4145.53,0.5500000000001819,0.0
1790978845788.0,4144.94,4145.49,0.5500000000001819,0.0
1790978845888.0,4144.86,4145.41,0.5500000000001819,0.0
1790978846190.0,4144.95,4145.51,0.5600000000004002,0.0
1790978846388.0,4144.94,4145.49,0.5500000000001819,0.0
1790978846488.0,4144.96,4145.51,0.5500000000001819,0.0
1790978846812.0,4144.98,4145.54,0.5600000000004002,0.0
1790978847489.0,4144.94,4145.5,0.5600000000004002,0.0
1790978847595.0,4144.89,4145.44,0.5499999999992724,0.0
1790978848301.0,4144.88,4145.43,0.5500000000001819,0.0
1790978849388.0,4144.75,4145.31,0.5600000000004002,0.0
1790978849463.0,4144.72,4145.28,0.5599999999994907,0.0
1790978849745.0,4144.78,4145.33,0.5500000000001819,0.0
1790978850375.0,4144.77,4145.32,0.5499999999992724,0.0
1790978850814.0,4144.86,4145.42,0.5600000000004002,0.0
1790978850888.0,4144.89,4145.45,0.5599999999994907,0.0
1790978850964.0,4144.93,4145.49,0.5599999999994907,0.0
1790978851090.0,4144.9,4145.46,0.5600000000004002,0.0
1790978851172.0,4144.91,4145.46,0.5500000000001819,0.0
1790978852792.0,4144.83,4145.38,0.5500000000001819,0.0
1790978853753.0,4144.86,4145.42,0.5600000000004002,0.0
1790978853839.0,4144.86,4145.41,0.5500000000001819,0.0
1790978854089.0,4144.82,4145.38,0.5600000000004002,0.0
1790978854188.0,4144.84,4145.39,0.5500000000001819,0.0
1790978854917.0,4144.83,4145.39,0.5600000000004002,0.0
1790978855040.0,4144.79,4145.34,0.5500000000001819,0.0
1790978855131.0,4144.81,4145.36,0.5499999999992724,0.0
1790978855992.0,4144.79,4145.34,0.5500000000001819,0.0
1790978857308.0,4144.85,4145.41,0.5599999999994907,0.0
1790978857697.0,4144.88,4145.44,0.5599999999994907,0.0
1790978858326.0,4144.87,4145.42,0.5500000000001819,0.0
1790978861038.0,4144.86,4145.41,0.5500000000001819,0.0
1790978861162.0,4144.77,4145.33,0.5599999999994907,0.0
1790978861238.0,4144.8,4145.36,0.5599999999994907,0.0
1790978861588.0,4144.83,4145.38,0.5500000000001819,0.0
1790978862108.0,4144.8,4145.36,0.5599999999994907,0.0
1790978862239.0,4144.83,4145.39,0.5600000000004002,0.0
1790978862645.0,4144.79,4145.35,0.5600000000004002,0.0
1790978862939.0,4144.81,4145.37,0.5599999999994907,0.0
1790978863207.0,4144.79,4145.35,0.5600000000004002,0.0
1790978863290.0,4144.77,4145.32,0.5499999999992724,0.0
1790978863364.0,4144.78,4145.34,0.5600000000004002,0.0
1790978863538.0,4144.76,4145.32,0.5599999999994907,0.0
1790978864288.0,4144.74,4145.3,0.5600000000004002,0.0
1790978864608.0,4144.76,4145.32,0.5599999999994907,0.0
1790978864712.0,4144.79,4145.35,0.5600000000004002,0.0
1790978865403.0,4144.82,4145.38,0.5600000000004002,0.0
1790978865609.0,4144.79,4145.35,0.5600000000004002,0.0
1790978865739.0,4144.85,4145.4,0.5499999999992724,0.0
1790978866238.0,4144.81,4145.37,0.5599999999994907,0.0
1790978866338.0,4144.85,4145.4,0.5499999999992724,0.0
1790978866743.0,4144.8,4145.36,0.5599999999994907,0.0
1790978867167.0,4144.73,4145.28,0.5500000000001819,0.0
1790978867238.0,4144.76,4145.3,0.5399999999999636,0.0
1790978867414.0,4144.71,4145.26,0.5500000000001819,0.0
1790978867591.0,4144.76,4145.3,0.5399999999999636,0.0
1790978867732.0,4144.73,4145.27,0.5400000000008731,0.0
1790978867954.0,4144.7,4145.24,0.5399999999999636,0.0
1790978868055.0,4144.75,4145.29,0.5399999999999636,0.0
1790978868441.0,4144.56,4145.11,0.5499999999992724,0.0
1790978868582.0,4144.53,4145.08,0.5500000000001819,0.0
1790978868684.0,4144.55,4145.1,0.5500000000001819,0.0
1790978869037.0,4144.52,4145.07,0.5499999999992724,0.0
1790978869288.0,4144.54,4145.09,0.5500000000001819,0.0
1790978869389.0,4144.51,4145.05,0.5399999999999636,0.0
1790978869487.0,4144.53,4145.07,0.5399999999999636,0.0
1790978869559.0,4144.5,4145.04,0.5399999999999636,0.0
1790978869663.0,4144.47,4145.01,0.5399999999999636,0.0
1790978869763.0,4144.51,4145.05,0.5399999999999636,0.0
1790978870434.0,4144.55,4145.1,0.5500000000001819,0.0
1790978870940.0,4144.57,4145.11,0.5399999999999636,0.0
1790978871012.0,4144.52,4145.07,0.5499999999992724,0.0
1790978871088.0,4144.61,4145.15,0.5399999999999636,0.0
1790978871162.0,4144.6,4145.14,0.5399999999999636,0.0
1790978871243.0,4144.59,4145.13,0.5399999999999636,0.0
1790978871354.0,4144.6,4145.14,0.5399999999999636,0.0
1790978871438.0,4144.59,4145.13,0.5399999999999636,0.0
1790978872450.0,4144.56,4145.11,0.5499999999992724,0.0
1790978873138.0,4144.59,4145.13,0.5399999999999636,0.0
1790978873239.0,4144.47,4145.02,0.5500000000001819,0.0
1790978873338.0,4144.5,4145.04,0.5399999999999636,0.0
1790978873638.0,4144.35,4144.9,0.5499999999992724,0.0
1790978873738.0,4144.38,4144.93,0.5500000000001819,0.0
1790978873826.0,4144.4,4144.95,0.5500000000001819,0.0
1790978873926.0,4144.37,4144.92,0.5500000000001819,0.0
1790978874089.0,4144.4,4144.95,0.5500000000001819,0.0
1790978874218.0,4144.38,4144.93,0.5500000000001819,0.0
1790978874463.0,4144.4,4144.96,0.5600000000004002,0.0
1790978874540.0,4144.38,4144.93,0.5500000000001819,0.0
1790978874623.0,4144.38,4144.94,0.5599999999994907,0.0
1790978874700.0,4144.37,4144.93,0.5600000000004002,0.0
1790978874788.0,4144.38,4144.94,0.5599999999994907,0.0
1790978874938.0,4144.37,4144.92,0.5500000000001819,0.0
1790978875025.0,4144.45,4145.0,0.5500000000001819,0.0
1790978875839.0,4144.38,4144.93,0.5500000000001819,0.0
1790978875939.0,4144.39,4144.94,0.5499999999992724,0.0
1790978876188.0,4144.41,4144.97,0.5600000000004002,0.0
1790978876290.0,4144.38,4144.93,0.5500000000001819,0.0
1790978877047.0,4144.43,4144.98,0.5499999999992724,0.0
1790978878044.0,4144.36,4144.91,0.5500000000001819,0.0
1790978878339.0,4144.34,4144.89,0.5500000000001819,0.0
1790978879031.0,4144.31,4144.87,0.5599999999994907,0.0
1790978879542.0,4144.43,4144.99,0.5599999999994907,0.0
1790978879628.0,4144.46,4145.02,0.5600000000004002,0.0
1790978879798.0,4144.42,4144.97,0.5500000000001819,0.0
1790978879902.0,4144.44,4145.0,0.5600000000004002,0.0
1790978880055.0,4144.42,4144.97,0.5500000000001819,0.0
1790978880206.0,4144.44,4145.0,0.5600000000004002,0.0
1790978881641.0,4144.77,4145.32,0.5499999999992724,0.0
1790978881741.0,4144.82,4145.37,0.5500000000001819,0.0
1790978881837.0,4144.83,4145.38,0.5500000000001819,0.0
1790978881938.0,4144.82,4145.37,0.5500000000001819,0.0
1790978882011.0,4144.83,4145.38,0.5500000000001819,0.0
1790978882106.0,4144.82,4145.37,0.5500000000001819,0.0
1790978882353.0,4144.79,4145.35,0.5600000000004002,0.0
1790978882690.0,4144.88,4145.43,0.5500000000001819,0.0
1790978882769.0,4144.9,4145.45,0.5500000000001819,0.0
1790978883141.0,4144.88,4145.43,0.5500000000001819,0.0
1790978883693.0,4144.88,4145.44,0.5599999999994907,0.0
1790978883791.0,4145.09,4145.65,0.5599999999994907,0.0
1790978883891.0,4145.11,4145.67,0.5600000000004002,0.0
1790978884041.0,4145.17,4145.72,0.5500000000001819,0.0
1790978884140.0,4145.14,4145.69,0.5499999999992724,0.0
1790978885018.0,4145.13,4145.69,0.5599999999994907,0.0
1790978885127.0,4145.13,4145.68,0.5500000000001819,0.0
1790978885198.0,4145.13,4145.69,0.5599999999994907,0.0
1790978885289.0,4145.12,4145.67,0.5500000000001819,0.0
1790978885408.0,4144.95,4145.5,0.5500000000001819,0.0
1790978886887.0,4144.94,4145.5,0.5600000000004002,0.0
1790978889990.0,4144.93,4145.48,0.5499999999992724,0.0
1790978891891.0,4144.67,4145.23,0.5599999999994907,0.0
1790978891991.0,4144.65,4145.21,0.5600000000004002,0.0
1790978892141.0,4144.62,4145.17,0.5500000000001819,0.0
1790978892280.0,4144.7,4145.26,0.5600000000004002,0.0
1790978892389.0,4144.67,4145.23,0.5599999999994907,0.0
1790978892538.0,4144.69,4145.25,0.5600000000004002,0.0
1790978892637.0,4144.66,4145.21,0.5500000000001819,0.0
1790978892815.0,4144.69,4145.25,0.5600000000004002,0.0
1790978893639.0,4144.72,4145.28,0.5599999999994907,0.0
1790978893739.0,4144.7,4145.26,0.5600000000004002,0.0
1790978893838.0,4144.76,4145.31,0.5500000000001819,0.0
1790978893939.0,4144.75,4145.31,0.5600000000004002,0.0
1790978894047.0,4144.78,4145.34,0.5600000000004002,0.0
1790978894589.0,4144.72,4145.28,0.5599999999994907,0.0
1790978894713.0,4144.79,4145.34,0.5500000000001819,0.0
1790978894901.0,4144.77,4145.32,0.5499999999992724,0.0
1790978894989.0,4144.72,4145.27,0.5500000000001819,0.0
1790978895063.0,4144.72,4145.28,0.5599999999994907,0.0
1790978895138.0,4144.73,4145.29,0.5600000000004002,0.0
1790978895811.0,4144.71,4145.27,0.5600000000004002,0.0
1790978895918.0,4144.72,4145.28,0.5599999999994907,0.0
1790978896189.0,4144.69,4145.25,0.5600000000004002,0.0
1790978896892.0,4144.8,4145.35,0.5500000000001819,0.0
1790978897494.0,4144.85,4145.4,0.5499999999992724,0.0
1790978898129.0,4144.84,4145.39,0.5500000000001819,0.0
1790978898240.0,4144.78,4145.33,0.5500000000001819,0.0
1790978898339.0,4144.8,4145.36,0.5599999999994907,0.0
1790978898590.0,4144.78,4145.33,0.5500000000001819,0.0
1790978898790.0,4144.73,4145.29,0.5600000000004002,0.0
1790978899338.0,4144.75,4145.3,0.5500000000001819,0.0
1790978899438.0,4144.76,4145.31,0.5500000000001819,0.0
1790978899640.0,4144.77,4145.32,0.5499999999992724,0.0
1790978900706.0,4144.76,4145.31,0.5500000000001819,0.0
1790978900888.0,4144.73,4145.29,0.5600000000004002,0.0
1790978900988.0,4144.75,4145.3,0.5500000000001819,0.0
1790978901080.0,4144.73,4145.29,0.5600000000004002,0.0
1790978901187.0,4144.74,4145.3,0.5600000000004002,0.0
1790978901287.0,4144.75,4145.3,0.5500000000001819,0.0
1790978901387.0,4144.74,4145.3,0.5600000000004002,0.0
1790978901460.0,4144.75,4145.3,0.5500000000001819,0.0
1790978901538.0,4144.76,4145.32,0.5599999999994907,0.0
1790978901646.0,4144.84,4145.39,0.5500000000001819,0.0
1790978901757.0,4144.87,4145.43,0.5600000000004002,0.0
1790978902292.0,4144.93,4145.48,0.5499999999992724,0.0
1790978902388.0,4144.99,4145.55,0.5600000000004002,0.0
1790978902488.0,4144.97,4145.52,0.5500000000001819,0.0
1790978902592.0,4144.85,4145.4,0.5499999999992724,0.0
1790978902739.0,4144.9,4145.45,0.5500000000001819,0.0
1790978903488.0,4144.89,4145.44,0.5499999999992724,0.0
1790978903610.0,4144.9,4145.45,0.5500000000001819,0.0
1790978903936.0,4144.88,4145.44,0.5599999999994907,0.0
1790978904037.0,4144.88,4145.43,0.5500000000001819,0.0
1790978904239.0,4144.86,4145.41,0.5500000000001819,0.0
1790978904620.0,4144.85,4145.4,0.5499999999992724,0.0
1790978905789.0,4144.89,4145.45,0.5599999999994907,0.0
1790978905870.0,4144.93,4145.48,0.5499999999992724,0.0
1790978906781.0,4144.94,4145.5,0.5600000000004002,0.0
1790978909087.0,4144.93,4145.49,0.5599999999994907,0.0
1790978909739.0,4144.92,4145.48,0.5599999999994907,0.0
1790978909873.0,4144.93,4145.49,0.5599999999994907,0.0
1790978910150.0,4144.92,4145.48,0.5599999999994907,0.0
1790978910939.0,4144.92,4145.47,0.5500000000001819,0.0
1790978911038.0,4144.81,4145.37,0.5599999999994907,0.0
1790978911122.0,4144.79,4145.35,0.5600000000004002,0.0
1790978911389.0,4144.84,4145.39,0.5500000000001819,0.0
1790978911490.0,4144.88,4145.43,0.5500000000001819,0.0
1790978912140.0,4144.93,4145.48,0.5499999999992724,0.0
1790978912238.0,4144.96,4145.52,0.5600000000004002,0.0
1790978913167.0,4144.95,4145.51,0.5600000000004002,0.0
1790978913269.0,4144.94,4145.5,0.5600000000004002,0.0
1790978913393.0,4144.97,4145.53,0.5599999999994907,0.0
1790978913539.0,4145.02,4145.57,0.5499999999992724,0.0
1790978913645.0,4144.82,4145.38,0.5600000000004002,0.0
1790978913741.0,4144.81,4145.36,0.5499999999992724,0.0
1790978914889.0,4144.82,4145.38,0.5600000000004002,0.0
1790978916341.0,4144.8,4145.36,0.5599999999994907,0.0
1790978916990.0,4144.79,4145.35,0.5600000000004002,0.0
1790978917139.0,4144.82,4145.38,0.5600000000004002,0.0
1790978918293.0,4144.83,4145.39,0.5600000000004002,0.0
1790978919408.0,4144.84,4145.39,0.5500000000001819,0.0
1790978919888.0,4144.85,4145.4,0.5499999999992724,0.0
1790978921039.0,4144.87,4145.43,0.5600000000004002,0.0
1790978922088.0,4144.94,4145.49,0.5500000000001819,0.0
1790978922191.0,4145.21,4145.76,0.5500000000001819,0.0
1790978922291.0,4145.2,4145.76,0.5600000000004002,0.0
1790978923090.0,4145.31,4145.86,0.5499999999992724,0.0
1790978923162.0,4145.37,4145.93,0.5600000000004002,0.0
1790978923265.0,4145.33,4145.89,0.5600000000004002,0.0
1790978923365.0,4145.36,4145.91,0.5500000000001819,0.0
1790978923439.0,4145.41,4145.97,0.5600000000004002,0.0
1790978925662.0,4145.38,4145.94,0.5599999999994907,0.0
1790978926540.0,4145.4,4145.95,0.5500000000001819,0.0
1790978926609.0,4145.41,4145.97,0.5600000000004002,0.0
1790978926688.0,4145.4,4145.95,0.5500000000001819,0.0
1790978927497.0,4145.29,4145.85,0.5600000000004002,0.0
1790978927639.0,4145.31,4145.87,0.5599999999994907,0.0
1790978928053.0,4145.28,4145.84,0.5600000000004002,0.0
1790978928293.0,4145.29,4145.85,0.5600000000004002,0.0
1790978928387.0,4145.35,4145.9,0.5499999999992724,0.0
1790978928488.0,4145.4,4145.96,0.5600000000004002,0.0
1790978928563.0,4145.36,4145.92,0.5600000000004002,0.0
1790978928738.0,4145.44,4146.0,0.5600000000004002,0.0
1790978928828.0,4145.41,4145.97,0.5600000000004002,0.0
1790978928937.0,4145.48,4146.04,0.5600000000004002,0.0
1790978929048.0,4145.46,4146.01,0.5500000000001819,0.0
1790978929138.0,4145.47,4146.03,0.5599999999994907,0.0
1790978929239.0,4145.56,4146.11,0.5499999999992724,0.0
1790978929341.0,4145.58,4146.13,0.5500000000001819,0.0
1790978929988.0,4145.59,4146.14,0.5500000000001819,0.0
1790978930091.0,4145.62,4146.17,0.5500000000001819,0.0
1790978930188.0,4145.72,4146.28,0.5599999999994907,0.0
1790978930289.0,4145.71,4146.26,0.5500000000001819,0.0
1790978930388.0,4145.38,4145.93,0.5500000000001819,0.0
1790978931308.0,4145.37,4145.92,0.5500000000001819,0.0
1790978931438.0,4145.4,4145.95,0.5500000000001819,0.0
1790978932048.0,4145.49,4146.05,0.5600000000004002,0.0
1790978932139.0,4145.48,4146.03,0.5500000000001819,0.0
1790978932238.0,4145.42,4145.97,0.5500000000001819,0.0
1790978932508.0,4145.45,4146.01,0.5600000000004002,0.0
1790978932691.0,4145.47,4146.03,0.5599999999994907,0.0
1790978932840.0,4145.46,4146.02,0.5600000000004002,0.0
1790978933212.0,4145.47,4146.03,0.5599999999994907,0.0
1790978934123.0,4145.42,4145.98,0.5599999999994907,0.0
1790978934593.0,4145.38,4145.93,0.5500000000001819,0.0
1790978936101.0,4145.37,4145.93,0.5600000000004002,0.0
1790978936541.0,4145.31,4145.87,0.5599999999994907,0.0
1790978936639.0,4145.26,4145.82,0.5599999999994907,0.0
1790978937238.0,4145.3,4145.86,0.5599999999994907,0.0
1790978937561.0,4145.32,4145.88,0.5600000000004002,0.0
1790978939037.0,4145.2,4145.76,0.5600000000004002,0.0
1790978939164.0,4145.23,4145.79,0.5600000000004002,0.0
1790978939256.0,4145.24,4145.8,0.5600000000004002,0.0
1790978939349.0,4145.25,4145.81,0.5600000000004002,0.0
1790978939437.0,4145.28,4145.83,0.5500000000001819,0.0
1790978939529.0,4145.26,4145.82,0.5599999999994907,0.0
1790978940179.0,4145.28,4145.84,0.5600000000004002,0.0
1790978940389.0,4145.36,4145.91,0.5500000000001819,0.0
1790978940490.0,4145.27,4145.83,0.5599999999994907,0.0
1790978940606.0,4145.33,4145.89,0.5600000000004002,0.0
1790978940718.0,4145.3,4145.86,0.5599999999994907,0.0
1790978940791.0,4145.33,4145.88,0.5500000000001819,0.0
1790978940872.0,4145.27,4145.83,0.5599999999994907,0.0
1790978940977.0,4145.28,4145.84,0.5600000000004002,0.0
1790978941843.0,4145.31,4145.86,0.5499999999992724,0.0
1790978941939.0,4145.32,4145.88,0.5600000000004002,0.0
1790978942438.0,4145.46,4146.01,0.5500000000001819,0.0
1790978942539.0,4145.45,4146.0,0.5500000000001819,0.0
1790978942659.0,4145.41,4145.97,0.5600000000004002,0.0
1790978943638.0,4145.55,4146.11,0.5599999999994907,0.0
1790978943742.0,4145.83,4146.38,0.5500000000001819,0.0
1790978943997.0,4145.76,4146.31,0.5500000000001819,0.0
1790978944088.0,4145.74,4146.29,0.5500000000001819,0.0
1790978944450.0,4145.76,4146.31,0.5500000000001819,0.0
1790978944938.0,4145.77,4146.32,0.5499999999992724,0.0
1790978946588.0,4145.7,4146.26,0.5600000000004002,0.0
1790978947148.0,4145.69,4146.24,0.5500000000001819,0.0
1790978947238.0,4145.67,4146.23,0.5599999999994907,0.0
1790978947363.0,4145.75,4146.3,0.5500000000001819,0.0
1790978947888.0,4145.73,4146.28,0.5500000000001819,0.0
1790978948040.0,4145.75,4146.3,0.5500000000001819,0.0
1790978948122.0,4145.77,4146.32,0.5499999999992724,0.0
1790978949640.0,4145.76,4146.31,0.5500000000001819,0.0
1790978949739.0,4145.77,4146.32,0.5499999999992724,0.0
1790978950026.0,4145.79,4146.34,0.5500000000001819,0.0
1790978950153.0,4145.73,4146.28,0.5500000000001819,0.0
1790978950239.0,4145.74,4146.29,0.5500000000001819,0.0
1790978950425.0,4145.72,4146.28,0.5599999999994907,0.0
1790978950774.0,4145.7,4146.25,0.5500000000001819,0.0
1790978950889.0,4145.73,4146.28,0.5500000000001819,0.0
1790978951695.0,4145.8,4146.36,0.5599999999994907,0.0
1790978951795.0,4145.83,4146.38,0.5500000000001819,0.0
1790978951930.0,4145.84,4146.39,0.5500000000001819,0.0
1790978952042.0,4146.08,4146.63,0.5500000000001819,0.0
1790978952239.0,4146.03,4146.58,0.5500000000001819,0.0
1790978953388.0,4146.02,4146.58,0.5599999999994907,0.0
1790978953891.0,4146.06,4146.62,0.5599999999994907,0.0
1790978953963.0,4146.14,4146.7,0.5599999999994907,0.0
1790978954189.0,4146.1,4146.65,0.5499999999992724,0.0
1790978954387.0,4146.03,4146.59,0.5600000000004002,0.0
1790978954489.0,4146.06,4146.61,0.5499999999992724,0.0
1790978954592.0,4146.14,4146.7,0.5599999999994907,0.0
1790978955119.0,4146.16,4146.72,0.5600000000004002,0.0
1790978955190.0,4146.29,4146.84,0.5500000000001819,0.0
1790978955271.0,4146.34,4146.89,0.5500000000001819,0.0
1790978955387.0,4146.32,4146.88,0.5600000000004002,0.0
1790978956284.0,4146.33,4146.89,0.5600000000004002,0.0
1790978956644.0,4146.32,4146.88,0.5600000000004002,0.0
1790978956741.0,4146.36,4146.91,0.5500000000001819,0.0
1790978959287.0,4146.35,4146.9,0.5499999999992724,0.0
1790978959769.0,4146.36,4146.91,0.5500000000001819,0.0
1790978960098.0,4146.35,4146.9,0.5499999999992724,0.0
1790978960490.0,4146.37,4146.92,0.5500000000001819,0.0
1790978960659.0,4146.36,4146.91,0.5500000000001819,0.0
1790978960989.0,4146.17,4146.72,0.5500000000001819,0.0
1790978961138.0,4146.07,4146.62,0.5500000000001819,0.0
1790978961218.0,4146.0,4146.55,0.5500000000001819,0.0
1790978961289.0,4145.99,4146.54,0.5500000000001819,0.0
1790978961388.0,4145.85,4146.4,0.5499999999992724,0.0
1790978961469.0,4145.86,4146.41,0.5500000000001819,0.0
1790978962095.0,4145.85,4146.4,0.5499999999992724,0.0
1790978962201.0,4145.79,4146.35,0.5600000000004002,0.0
1790978963719.0,4145.81,4146.37,0.5599999999994907,0.0
1790978964939.0,4145.85,4146.4,0.5499999999992724,0.0
1790978966089.0,4145.9,4146.45,0.5500000000001819,0.0
1790978966182.0,4145.77,4146.33,0.5599999999994907,0.0
1790978966287.0,4145.76,4146.31,0.5500000000001819,0.0
1790978966489.0,4145.91,4146.46,0.5500000000001819,0.0
1790978966588.0,4145.88,4146.43,0.5500000000001819,0.0
1790978966689.0,4145.92,4146.48,0.5599999999994907,0.0
1790978967565.0,4145.9,4146.45,0.5500000000001819,0.0
1790978967688.0,4145.91,4146.47,0.5600000000004002,0.0
1790978967775.0,4145.92,4146.47,0.5500000000001819,0.0
1790978969998.0,4145.92,4146.48,0.5599999999994907,0.0
1790978971648.0,4145.93,4146.48,0.5499999999992724,0.0
1790978972072.0,4145.92,4146.47,0.5500000000001819,0.0
1790978972213.0,4145.93,4146.48,0.5499999999992724,0.0
1790978972839.0,4145.96,4146.52,0.5600000000004002,0.0
1790978973588.0,4145.95,4146.5,0.5500000000001819,0.0
1790978973674.0,4145.94,4146.49,0.5500000000001819,0.0
1790978973789.0,4145.97,4146.52,0.5500000000001819,0.0
1790978974340.0,4145.93,4146.49,0.5599999999994907,0.0
1790978974439.0,4145.81,4146.36,0.5499999999992724,0.0
1790978974538.0,4145.77,4146.33,0.5599999999994907,0.0
1790978974638.0,4145.79,4146.35,0.5600000000004002,0.0
1790978974794.0,4145.8,4146.36,0.5599999999994907,0.0
1790978975139.0,4145.77,4146.32,0.5499999999992724,0.0
1790978975238.0,4145.76,4146.31,0.5500000000001819,0.0
1790978975342.0,4145.78,4146.34,0.5600000000004002,0.0
1790978975539.0,4145.76,4146.31,0.5500000000001819,0.0
1790978975763.0,4145.75,4146.3,0.5500000000001819,0.0
1790978975838.0,4145.78,4146.34,0.5600000000004002,0.0
1790978976975.0,4145.8,4146.36,0.5599999999994907,0.0
1790978977088.0,4145.85,4146.4,0.5499999999992724,0.0
1790978979237.0,4145.84,4146.39,0.5500000000001819,0.0
1790978980609.0,4145.83,4146.39,0.5600000000004002,0.0
1790978982175.0,4145.85,4146.4,0.5499999999992724,0.0
1790978982441.0,4145.75,4146.31,0.5600000000004002,0.0
1790978982528.0,4145.75,4146.3,0.5500000000001819,0.0
1790978983045.0,4145.7,4146.26,0.5600000000004002,0.0
1790978983743.0,4145.76,4146.31,0.5500000000001819,0.0
1790978983834.0,4145.78,4146.34,0.5600000000004002,0.0
1790978984011.0,4145.75,4146.3,0.5500000000001819,0.0
1790978984088.0,4145.72,4146.28,0.5599999999994907,0.0
1790978984166.0,4145.82,4146.38,0.5600000000004002,0.0
1790978985090.0,4145.79,4146.34,0.5500000000001819,0.0
1790978985191.0,4145.56,4146.12,0.5599999999994907,0.0
1790978985288.0,4145.37,4145.92,0.5500000000001819,0.0
1790978985389.0,4145.39,4145.95,0.5599999999994907,0.0
1790978985838.0,4145.36,4145.91,0.5500000000001819,0.0
1790978985938.0,4145.39,4145.95,0.5599999999994907,0.0
1790978986108.0,4145.38,4145.93,0.5500000000001819,0.0
1790978986188.0,4145.36,4145.91,0.5500000000001819,0.0
1790978986289.0,4145.32,4145.88,0.5600000000004002,0.0
1790978986987.0,4145.31,4145.87,0.5599999999994907,0.0
1790978987166.0,4145.32,4145.88,0.5600000000004002,0.0
1790978987938.0,4145.31,4145.86,0.5499999999992724,0.0
1790978988023.0,4145.32,4145.88,0.5600000000004002,0.0
1790978988301.0,4145.34,4145.89,0.5500000000001819,0.0
1790978988440.0,4145.32,4145.88,0.5600000000004002,0.0
1790978988538.0,4145.45,4146.0,0.5500000000001819,0.0
1790978988639.0,4145.42,4145.98,0.5599999999994907,0.0
1790978989138.0,4145.48,4146.04,0.5600000000004002,0.0
1790978989210.0,4145.53,4146.08,0.5500000000001819,0.0
1790978989311.0,4145.55,4146.1,0.5500000000001819,0.0
1790978989475.0,4145.56,4146.11,0.5499999999992724,0.0
1790978989642.0,4145.63,4146.17,0.5399999999999636,0.0
1790978989789.0,4145.6,4146.15,0.5499999999992724,0.0
1790978990039.0,4145.58,4146.13,0.5500000000001819,0.0
1790978990253.0,4145.77,4146.32,0.5499999999992724,0.0
1790978990338.0,4145.76,4146.31,0.5500000000001819,0.0
1790978990438.0,4145.62,4146.18,0.5600000000004002,0.0
1790978991288.0,4145.67,4146.22,0.5500000000001819,0.0
1790978992089.0,4145.71,4146.27,0.5600000000004002,0.0
1790978992159.0,4145.73,4146.28,0.5500000000001819,0.0
1790978992456.0,4145.72,4146.27,0.5500000000001819,0.0
1790978992536.0,4145.71,4146.26,0.5500000000001819,0.0
1790978992631.0,4145.7,4146.25,0.5500000000001819,0.0
1790978993135.0,4145.67,4146.22,0.5500000000001819,0.0
1790978993249.0,4145.75,4146.3,0.5500000000001819,0.0
1790978993438.0,4145.76,4146.31,0.5500000000001819,0.0
1790978993537.0,4145.69,4146.24,0.5500000000001819,0.0
1790978993638.0,4145.62,4146.18,0.5600000000004002,0.0
1790978993736.0,4145.65,4146.2,0.5500000000001819,0.0
1790978994255.0,4145.62,4146.18,0.5600000000004002,0.0
1790978994763.0,4145.64,4146.2,0.5599999999994907,0.0
1790978994839.0,4145.65,4146.21,0.5600000000004002,0.0
1790978994939.0,4145.71,4146.26,0.5500000000001819,0.0
1790978995038.0,4145.65,4146.21,0.5600000000004002,0.0
1790978995122.0,4145.64,4146.2,0.5599999999994907,0.0
1790978995193.0,4145.61,4146.17,0.5600000000004002,0.0
1790978995488.0,4145.62,4146.18,0.5600000000004002,0.0
1790978996088.0,4145.63,4146.19,0.5599999999994907,0.0
1790978996168.0,4145.6,4146.16,0.5599999999994907,0.0
1790978996239.0,4145.61,4146.17,0.5600000000004002,0.0
1790978997052.0,4145.59,4146.15,0.5599999999994907,0.0
1790978997273.0,4145.61,4146.17,0.5600000000004002,0.0
1790978997738.0,4145.62,4146.18,0.5600000000004002,0.0
1790978998090.0,4145.68,4146.23,0.5499999999992724,0.0
1790978998186.0,4145.8,4146.35,0.5500000000001819,0.0
1790978998389.0,4145.78,4146.33,0.5500000000001819,0.0
1790978998474.0,4145.73,4146.29,0.5600000000004002,0.0
1790978999568.0,4145.69,4146.24,0.5500000000001819,0.0
1790979000139.0,4145.61,4146.16,0.5500000000001819,0.0
1790979000238.0,4145.62,4146.18,0.5600000000004002,0.0
1790979000389.0,4145.58,4146.13,0.5500000000001819,0.0
1790979000537.0,4145.62,4146.18,0.5600000000004002,0.0
1790979001012.0,4145.64,4146.2,0.5599999999994907,0.0
1790979001135.0,4145.62,4146.18,0.5600000000004002,0.0
1790979001390.0,4145.63,4146.19,0.5599999999994907,0.0
1790979001990.0,4145.62,4146.18,0.5600000000004002,0.0
1790979002144.0,4145.61,4146.17,0.5600000000004002,0.0
1790979002859.0,4145.6,4146.16,0.5599999999994907,0.0
1790979003039.0,4145.64,4146.2,0.5599999999994907,0.0
1790979003124.0,4145.66,4146.21,0.5500000000001819,0.0
1790979003897.0,4145.52,4146.07,0.5499999999992724,0.0
1790979003992.0,4145.44,4145.99,0.5500000000001819,0.0
1790979004137.0,4145.46,4146.01,0.5500000000001819,0.0
1790979004247.0,4145.44,4145.99,0.5500000000001819,0.0
1790979004452.0,4145.47,4146.03,0.5599999999994907,0.0
1790979004538.0,4145.53,4146.08,0.5500000000001819,0.0
1790979004659.0,4145.54,4146.09,0.5500000000001819,0.0
1790979004739.0,4145.53,4146.08,0.5500000000001819,0.0
1790979004888.0,4145.55,4146.1,0.5500000000001819,0.0
1790979004980.0,4145.54,4146.09,0.5500000000001819,0.0
1790979005085.0,4145.53,4146.08,0.5500000000001819,0.0
1790979005189.0,4145.66,4146.21,0.5500000000001819,0.0
1790979005653.0,4145.81,4146.36,0.5499999999992724,0.0
1790979005756.0,4145.77,4146.32,0.5499999999992724,0.0
1790979005837.0,4145.8,4146.35,0.5500000000001819,0.0
1790979006753.0,4145.77,4146.32,0.5499999999992724,0.0
1790979008141.0,4145.79,4146.34,0.5500000000001819,0.0
1790979008238.0,4145.83,4146.38,0.5500000000001819,0.0
1790979008314.0,4145.86,4146.41,0.5500000000001819,0.0
1790979008389.0,4145.84,4146.39,0.5500000000001819,0.0
1790979008494.0,4145.8,4146.36,0.5599999999994907,0.0
1790979009648.0,4145.81,4146.37,0.5599999999994907,0.0
1790979009780.0,4145.81,4146.36,0.5499999999992724,0.0
1790979009884.0,4145.81,4146.37,0.5599999999994907,0.0
1790979010906.0,4145.79,4146.35,0.5600000000004002,0.0
1790979010991.0,4145.85,4146.4,0.5499999999992724,0.0
1790979011842.0,4145.86,4146.41,0.5500000000001819,0.0
1790979011938.0,4145.85,4146.4,0.5499999999992724,0.0
1790979012043.0,4145.95,4146.5,0.5500000000001819,0.0
1790979012144.0,4145.96,4146.51,0.5500000000001819,0.0
1790979012244.0,4145.97,4146.52,0.5500000000001819,0.0
1790979012650.0,4145.98,4146.53,0.5500000000001819,0.0
1790979012989.0,4145.97,4146.52,0.5500000000001819,0.0
1790979015038.0,4145.99,4146.55,0.5600000000004002,0.0
1790979015161.0,4145.98,4146.53,0.5500000000001819,0.0
1790979015237.0,4146.01,4146.56,0.5500000000001819,0.0
1790979015338.0,4146.0,4146.55,0.5500000000001819,0.0
1790979015638.0,4145.99,4146.54,0.5500000000001819,0.0
1790979015744.0,4145.95,4146.5,0.5500000000001819,0.0
1790979016506.0,4145.91,4146.46,0.5500000000001819,0.0
1790979016838.0,4146.01,4146.56,0.5500000000001819,0.0
1790979016938.0,4146.0,4146.55,0.5500000000001819,0.0
1790979017389.0,4146.06,4146.61,0.5499999999992724,0.0
1790979017487.0,4145.89,4146.44,0.5499999999992724,0.0
1790979017609.0,4145.91,4146.46,0.5500000000001819,0.0
1790979017709.0,4145.93,4146.48,0.5499999999992724,0.0
1790979017817.0,4145.96,4146.51,0.5500000000001819,0.0
1790979017988.0,4145.82,4146.38,0.5600000000004002,0.0
1790979018090.0,4145.86,4146.42,0.5600000000004002,0.0
1790979018290.0,4145.89,4146.44,0.5499999999992724,0.0
1790979018391.0,4145.93,4146.48,0.5499999999992724,0.0
1790979018478.0,4145.96,4146.51,0.5500000000001819,0.0
1790979018869.0,4145.93,4146.48,0.5499999999992724,0.0
1790979019353.0,4145.94,4146.49,0.5500000000001819,0.0
1790979020042.0,4145.88,4146.44,0.5599999999994907,0.0
1790979020539.0,4145.87,4146.42,0.5500000000001819,0.0
1790979020651.0,4145.88,4146.44,0.5599999999994907,0.0
1790979021051.0,4145.91,4146.46,0.5500000000001819,0.0
1790979023064.0,4145.92,4146.47,0.5500000000001819,0.0
1790979023994.0,4145.89,4146.43,0.5399999999999636,0.0
1790979024093.0,4146.07,4146.62,0.5500000000001819,0.0
1790979024193.0,4146.2,4146.75,0.5500000000001819,0.0
1790979024294.0,4146.23,4146.79,0.5600000000004002,0.0
1790979024392.0,4146.25,4146.8,0.5500000000001819,0.0
1790979024494.0,4146.14,4146.7,0.5599999999994907,0.0
1790979024587.0,4146.19,4146.74,0.5500000000001819,0.0
1790979024694.0,4146.58,4147.13,0.5500000000001819,0.0
1790979024791.0,4146.63,4147.19,0.5599999999994907,0.0
1790979024892.0,4146.67,4147.22,0.5500000000001819,0.0
1790979024991.0,4146.74,4147.29,0.5500000000001819,0.0
1790979025187.0,4146.69,4147.25,0.5600000000004002,0.0
1790979025259.0,4146.76,4147.31,0.5500000000001819,0.0
1790979025343.0,4146.85,4147.4,0.5499999999992724,0.0
1790979025441.0,4146.66,4147.22,0.5600000000004002,0.0
1790979025539.0,4146.58,4147.13,0.5500000000001819,0.0
1790979025639.0,4146.46,4147.01,0.5500000000001819,0.0
1790979025742.0,4146.43,4146.99,0.5599999999994907,0.0
1790979025842.0,4146.52,4147.08,0.5599999999994907,0.0
1790979025941.0,4146.47,4147.01,0.5399999999999636,0.0
1790979026039.0,4146.62,4147.18,0.5600000000004002,0.0
1790979026138.0,4146.55,4147.11,0.5599999999994907,0.0
1790979026446.0,4146.68,4147.23,0.5499999999992724,0.0
1790979026541.0,4146.61,4147.17,0.5600000000004002,0.0
1790979026642.0,4146.77,4147.32,0.5499999999992724,0.0
1790979026740.0,4146.79,4147.34,0.5500000000001819,0.0
1790979027189.0,4146.81,4147.37,0.5599999999994907,0.0
1790979027289.0,4146.86,4147.41,0.5500000000001819,0.0
1790979027399.0,4146.85,4147.4,0.5499999999992724,0.0
1790979027487.0,4146.85,4147.41,0.5599999999994907,0.0
1790979027557.0,4146.87,4147.42,0.5500000000001819,0.0
1790979027789.0,4146.95,4147.5,0.5500000000001819,0.0
1790979027888.0,4146.91,4147.46,0.5500000000001819,0.0
1790979027987.0,4146.82,4147.37,0.5500000000001819,0.0
1790979028090.0,4146.86,4147.41,0.5500000000001819,0.0
1790979028190.0,4146.77,4147.33,0.5599999999994907,0.0
1790979028275.0,4146.77,4147.32,0.5499999999992724,0.0
1790979028990.0,4146.76,4147.31,0.5500000000001819,0.0
1790979029141.0,4146.66,4147.21,0.5500000000001819,0.0
1790979029237.0,4146.65,4147.2,0.5500000000001819,0.0
1790979029339.0,4146.66,4147.22,0.5600000000004002,0.0
1790979029443.0,4146.69,4147.24,0.5500000000001819,0.0
1790979029789.0,4146.74,4147.3,0.5600000000004002,0.0
1790979029890.0,4146.76,4147.31,0.5500000000001819,0.0
1790979029988.0,4146.69,4147.24,0.5500000000001819,0.0
1790979030138.0,4146.7,4147.25,0.5500000000001819,0.0
1790979030239.0,4146.69,4147.24,0.5500000000001819,0.0
1790979030347.0,4146.56,4147.11,0.5499999999992724,0.0
1790979030439.0,4146.83,4147.39,0.5600000000004002,0.0
1790979030540.0,4146.82,4147.37,0.5500000000001819,0.0
1790979030637.0,4146.72,4147.28,0.5599999999994907,0.0
1790979030739.0,4146.75,4147.3,0.5500000000001819,0.0
1790979030842.0,4146.94,4147.5,0.5600000000004002,0.0
1790979030938.0,4146.92,4147.48,0.5599999999994907,0.0
1790979031038.0,4146.87,4147.42,0.5500000000001819,0.0
1790979031145.0,4146.92,4147.47,0.5500000000001819,0.0
1790979031242.0,4146.94,4147.48,0.5399999999999636,0.0
1790979031341.0,4146.95,4147.5,0.5500000000001819,0.0
1790979031443.0,4146.84,4147.39,0.5500000000001819,0.0
1790979031537.0,4146.83,4147.38,0.5500000000001819,0.0
1790979031639.0,4146.97,4147.52,0.5500000000001819,0.0
1790979031737.0,4146.93,4147.48,0.5499999999992724,0.0
1790979031845.0,4147.12,4147.66,0.5399999999999636,0.0
1790979031943.0,4147.26,4147.81,0.5500000000001819,0.0
1790979032040.0,4147.28,4147.84,0.5600000000004002,0.0
1790979032139.0,4147.29,4147.85,0.5600000000004002,0.0
1790979032238.0,4147.39,4147.94,0.5499999999992724,0.0
1790979032543.0,4147.38,4147.93,0.5500000000001819,0.0
1790979032641.0,4147.21,4147.75,0.5399999999999636,0.0
1790979032742.0,4147.27,4147.83,0.5599999999994907,0.0
1790979032889.0,4147.26,4147.81,0.5500000000001819,0.0
1790979032988.0,4147.27,4147.82,0.5499999999992724,0.0
1790979033088.0,4147.38,4147.93,0.5500000000001819,0.0
1790979033588.0,4147.35,4147.9,0.5499999999992724,0.0
1790979033887.0,4147.3,4147.85,0.5500000000001819,0.0
1790979033966.0,4147.26,4147.81,0.5500000000001819,0.0
1790979034044.0,4146.94,4147.49,0.5500000000001819,0.0
1790979034140.0,4146.87,4147.42,0.5500000000001819,0.0
1790979034271.0,4146.91,4147.46,0.5500000000001819,0.0
1790979034488.0,4147.05,4147.58,0.5299999999997453,0.0
1790979034589.0,4147.24,4147.79,0.5500000000001819,0.0
1790979034692.0,4147.18,4147.74,0.5599999999994907,0.0
1790979034789.0,4147.25,4147.81,0.5600000000004002,0.0
1790979034888.0,4147.26,4147.82,0.5599999999994907,0.0
1790979034991.0,4147.28,4147.83,0.5500000000001819,0.0
1790979035090.0,4147.32,4147.87,0.5500000000001819,0.0
1790979035190.0,4147.24,4147.79,0.5500000000001819,0.0
1790979035290.0,4147.24,4147.8,0.5600000000004002,0.0
1790979035389.0,4147.22,4147.77,0.5500000000001819,0.0
1790979035492.0,4147.21,4147.77,0.5600000000004002,0.0
1790979035588.0,4147.22,4147.78,0.5599999999994907,0.0
1790979035748.0,4147.26,4147.81,0.5500000000001819,0.0
1790979035838.0,4147.33,4147.88,0.5500000000001819,0.0
1790979035938.0,4147.3,4147.86,0.5599999999994907,0.0
1790979036090.0,4147.28,4147.84,0.5600000000004002,0.0
1790979036190.0,4147.24,4147.79,0.5500000000001819,0.0
1790979036290.0,4147.25,4147.8,0.5500000000001819,0.0
1790979036392.0,4147.1,4147.65,0.5499999999992724,0.0
1790979036490.0,4147.27,4147.82,0.5499999999992724,0.0
1790979036561.0,4147.26,4147.81,0.5500000000001819,0.0
1790979036688.0,4147.36,4147.91,0.5500000000001819,0.0
1790979036890.0,4147.43,4147.98,0.5499999999992724,0.0
1790979036992.0,4147.49,4148.04,0.5500000000001819,0.0
1790979037094.0,4147.5,4148.06,0.5600000000004002,0.0
1790979037242.0,4147.52,4148.07,0.5499999999992724,0.0
1790979037391.0,4147.53,4148.08,0.5500000000001819,0.0
1790979037492.0,4147.44,4147.99,0.5500000000001819,0.0
1790979037609.0,4147.37,4147.92,0.5500000000001819,0.0
1790979038238.0,4147.27,4147.81,0.5399999999999636,0.0
1790979038338.0,4147.34,4147.89,0.5500000000001819,0.0
1790979038447.0,4147.39,4147.94,0.5499999999992724,0.0
1790979038639.0,4147.45,4148.0,0.5500000000001819,0.0
1790979038760.0,4147.44,4147.99,0.5500000000001819,0.0
1790979038840.0,4147.45,4148.0,0.5500000000001819,0.0
1790979038936.0,4147.32,4147.87,0.5500000000001819,0.0
1790979039038.0,4147.37,4147.92,0.5500000000001819,0.0
1790979039339.0,4147.33,4147.88,0.5500000000001819,0.0
1790979039438.0,4147.45,4148.0,0.5500000000001819,0.0
1790979039539.0,4147.43,4147.98,0.5499999999992724,0.0
1790979039939.0,4147.38,4147.93,0.5500000000001819,0.0
1790979040039.0,4147.4,4147.95,0.5500000000001819,0.0
1790979040119.0,4147.39,4147.94,0.5499999999992724,0.0
1790979040219.0,4147.4,4147.95,0.5500000000001819,0.0
1790979041188.0,4147.39,4147.94,0.5499999999992724,0.0
1790979041396.0,4147.44,4147.99,0.5500000000001819,0.0
1790979041493.0,4147.52,4148.07,0.5499999999992724,0.0
1790979041593.0,4147.49,4148.04,0.5500000000001819,0.0
1790979041692.0,4147.45,4148.0,0.5500000000001819,0.0
1790979041842.0,4147.48,4148.03,0.5500000000001819,0.0
1790979041940.0,4147.43,4147.99,0.5599999999994907,0.0
1790979042039.0,4147.49,4148.04,0.5500000000001819,0.0
1790979042116.0,4147.46,4148.01,0.5500000000001819,0.0
1790979042189.0,4147.44,4147.99,0.5500000000001819,0.0
1790979042291.0,4147.42,4147.97,0.5500000000001819,0.0
1790979042396.0,4147.45,4148.0,0.5500000000001819,0.0
1790979042493.0,4147.46,4148.02,0.5600000000004002,0.0
1790979042569.0,4147.45,4148.01,0.5600000000004002,0.0
1790979042641.0,4147.46,4148.02,0.5600000000004002,0.0
1790979042739.0,4147.31,4147.86,0.5499999999992724,0.0
1790979042841.0,4147.33,4147.88,0.5500000000001819,0.0
1790979043041.0,4147.1,4147.65,0.5499999999992724,0.0
1790979043142.0,4147.02,4147.57,0.5499999999992724,0.0
1790979043242.0,4147.0,4147.55,0.5500000000001819,0.0
1790979043343.0,4147.02,4147.57,0.5499999999992724,0.0
1790979043438.0,4147.01,4147.56,0.5500000000001819,0.0
1790979043538.0,4147.0,4147.55,0.5500000000001819,0.0
1790979043637.0,4147.04,4147.59,0.5500000000001819,0.0
1790979043746.0,4147.05,4147.61,0.5599999999994907,0.0
1790979043837.0,4147.04,4147.6,0.5600000000004002,0.0
1790979043941.0,4147.14,4147.69,0.5499999999992724,0.0
1790979044140.0,4147.11,4147.67,0.5600000000004002,0.0
1790979044237.0,4147.09,4147.65,0.5599999999994907,0.0
1790979044338.0,4147.08,4147.64,0.5600000000004002,0.0
1790979044539.0,4147.1,4147.66,0.5599999999994907,0.0
1790979044642.0,4147.29,4147.84,0.5500000000001819,0.0
1790979044790.0,4147.26,4147.81,0.5500000000001819,0.0
1790979044958.0,4147.27,4147.82,0.5499999999992724,0.0
1790979045038.0,4147.28,4147.83,0.5500000000001819,0.0
1790979045144.0,4147.36,4147.91,0.5500000000001819,0.0
1790979045240.0,4147.29,4147.84,0.5500000000001819,0.0
1790979045886.0,4147.31,4147.86,0.5499999999992724,0.0
1790979045993.0,4147.46,4148.01,0.5500000000001819,0.0
1790979046093.0,4147.45,4148.0,0.5500000000001819,0.0
1790979046440.0,4147.41,4147.96,0.5500000000001819,0.0
1790979046542.0,4147.4,4147.95,0.5500000000001819,0.0
1790979046640.0,4147.37,4147.92,0.5500000000001819,0.0
1790979046756.0,4147.44,4147.99,0.5500000000001819,0.0
1790979046839.0,4147.45,4148.01,0.5600000000004002,0.0
1790979046942.0,4147.53,4148.08,0.5500000000001819,0.0
1790979047040.0,4147.45,4148.0,0.5500000000001819,0.0
1790979047139.0,4147.41,4147.96,0.5500000000001819,0.0
1790979047239.0,4147.45,4148.0,0.5500000000001819,0.0
1790979047339.0,4147.3,4147.86,0.5599999999994907,0.0
1790979047440.0,4147.27,4147.83,0.5599999999994907,0.0
1790979047514.0,4147.29,4147.85,0.5600000000004002,0.0
1790979047589.0,4147.34,4147.89,0.5500000000001819,0.0
1790979047690.0,4147.28,4147.83,0.5500000000001819,0.0
1790979047902.0,4147.27,4147.82,0.5499999999992724,0.0
1790979048112.0,4147.26,4147.81,0.5500000000001819,0.0
1790979048196.0,4147.19,4147.74,0.5500000000001819,0.0
1790979048292.0,4147.31,4147.86,0.5499999999992724,0.0
1790979048363.0,4147.17,4147.72,0.5500000000001819,0.0
1790979048464.0,4147.14,4147.7,0.5599999999994907,0.0
1790979048587.0,4147.15,4147.71,0.5600000000004002,0.0
1790979048808.0,4147.14,4147.7,0.5599999999994907,0.0
1790979049299.0,4147.18,4147.73,0.5499999999992724,0.0
1790979049840.0,4147.35,4147.89,0.5399999999999636,0.0
1790979049933.0,4147.28,4147.83,0.5500000000001819,0.0
1790979050037.0,4147.29,4147.84,0.5500000000001819,0.0
1790979050150.0,4147.28,4147.83,0.5500000000001819,0.0
1790979050759.0,4147.3,4147.85,0.5500000000001819,0.0
1790979051092.0,4147.29,4147.84,0.5500000000001819,0.0
1790979051191.0,4147.15,4147.71,0.5600000000004002,0.0
1790979051345.0,4147.18,4147.73,0.5499999999992724,0.0
1790979051432.0,4147.15,4147.71,0.5600000000004002,0.0
1790979051739.0,4147.12,4147.67,0.5500000000001819,0.0
1790979051818.0,4147.16,4147.71,0.5500000000001819,0.0
1790979051892.0,4147.14,4147.69,0.5499999999992724,0.0
1790979051992.0,4147.21,4147.76,0.5500000000001819,0.0
1790979052092.0,4147.12,4147.68,0.5600000000004002,0.0
1790979052192.0,4147.08,4147.63,0.5500000000001819,0.0
1790979052290.0,4147.05,4147.61,0.5599999999994907,0.0
1790979052541.0,4147.03,4147.58,0.5500000000001819,0.0
1790979052760.0,4147.02,4147.57,0.5499999999992724,0.0
1790979053039.0,4147.03,4147.58,0.5500000000001819,0.0
1790979053124.0,4147.07,4147.62,0.5500000000001819,0.0
1790979054106.0,4147.05,4147.6,0.5500000000001819,0.0
1790979054561.0,4147.03,4147.58,0.5500000000001819,0.0
1790979054637.0,4146.82,4147.37,0.5500000000001819,0.0
1790979054743.0,4146.8,4147.35,0.5500000000001819,0.0
1790979054836.0,4146.87,4147.42,0.5500000000001819,0.0
1790979054910.0,4146.9,4147.45,0.5500000000001819,0.0
1790979054996.0,4146.89,4147.44,0.5499999999992724,0.0
1790979055190.0,4146.88,4147.43,0.5500000000001819,0.0
1790979055844.0,4146.87,4147.42,0.5500000000001819,0.0
1790979056492.0,4146.78,4147.34,0.5600000000004002,0.0
1790979056589.0,4146.82,4147.38,0.5600000000004002,0.0
1790979056694.0,4146.85,4147.4,0.5499999999992724,0.0
1790979056791.0,4147.04,4147.59,0.5500000000001819,0.0
1790979056891.0,4147.08,4147.63,0.5500000000001819,0.0
1790979056989.0,4147.1,4147.65,0.5499999999992724,0.0
1790979057590.0,4147.09,4147.64,0.5500000000001819,0.0
1790979057897.0,4147.07,4147.62,0.5500000000001819,0.0
1790979058002.0,4147.06,4147.61,0.5499999999992724,0.0
1790979058176.0,4147.07,4147.62,0.5500000000001819,0.0
1790979058728.0,4147.06,4147.61,0.5499999999992724,0.0
1790979059040.0,4146.94,4147.49,0.5500000000001819,0.0
1790979059140.0,4147.0,4147.55,0.5500000000001819,0.0
1790979060138.0,4147.01,4147.57,0.5599999999994907,0.0
1790979060218.0,4147.06,4147.61,0.5499999999992724,0.0
1790979060338.0,4147.04,4147.59,0.5500000000001819,0.0
1790979060409.0,4146.94,4147.5,0.5600000000004002,0.0
1790979060490.0,4146.88,4147.43,0.5500000000001819,0.0
1790979060991.0,4146.89,4147.44,0.5499999999992724,0.0
1790979061095.0,4146.93,4147.49,0.5599999999994907,0.0
1790979061190.0,4147.06,4147.61,0.5499999999992724,0.0
1790979061296.0,4147.05,4147.61,0.5599999999994907,0.0
1790979061390.0,4147.07,4147.63,0.5600000000004002,0.0
1790979061492.0,4147.04,4147.6,0.5600000000004002,0.0
1790979061653.0,4147.03,4147.59,0.5600000000004002,0.0
1790979061739.0,4147.02,4147.57,0.5499999999992724,0.0
1790979062341.0,4146.98,4147.54,0.5600000000004002,0.0
1790979062434.0,4146.92,4147.48,0.5599999999994907,0.0
1790979062637.0,4146.9,4147.45,0.5500000000001819,0.0
1790979062841.0,4146.93,4147.49,0.5599999999994907,0.0
1790979063289.0,4147.01,4147.56,0.5500000000001819,0.0
1790979063440.0,4146.96,4147.51,0.5500000000001819,0.0
1790979063539.0,4146.94,4147.5,0.5600000000004002,0.0
1790979063755.0,4146.91,4147.46,0.5500000000001819,0.0
1790979064119.0,4146.94,4147.5,0.5600000000004002,0.0
1790979065324.0,4146.95,4147.51,0.5600000000004002,0.0
1790979065422.0,4146.94,4147.5,0.5600000000004002,0.0
1790979065529.0,4146.93,4147.48,0.5499999999992724,0.0
1790979065640.0,4146.96,4147.51,0.5500000000001819,0.0
1790979065723.0,4146.97,4147.52,0.5500000000001819,0.0
1790979066289.0,4146.91,4147.47,0.5600000000004002,0.0
1790979066393.0,4146.81,4147.36,0.5499999999992724,0.0
1790979066491.0,4146.84,4147.39,0.5500000000001819,0.0
1790979066688.0,4146.92,4147.47,0.5500000000001819,0.0
1790979066792.0,4146.96,4147.52,0.5600000000004002,0.0
1790979067396.0,4146.88,4147.43,0.5500000000001819,0.0
1790979067474.0,4146.85,4147.4,0.5499999999992724,0.0
1790979067545.0,4146.85,4147.41,0.5599999999994907,0.0
1790979067624.0,4146.86,4147.42,0.5600000000004002,0.0
1790979067703.0,4146.85,4147.41,0.5599999999994907,0.0
1790979067789.0,4146.86,4147.42,0.5600000000004002,0.0
1790979067889.0,4146.81,4147.36,0.5499999999992724,0.0
1790979068038.0,4146.86,4147.41,0.5500000000001819,0.0
1790979068137.0,4146.87,4147.42,0.5500000000001819,0.0
1790979068222.0,4146.88,4147.43,0.5500000000001819,0.0
1790979068308.0,4146.94,4147.5,0.5600000000004002,0.0
1790979068389.0,4146.96,4147.51,0.5500000000001819,0.0
1790979068540.0,4146.97,4147.52,0.5500000000001819,0.0
1790979068737.0,4146.96,4147.51,0.5500000000001819,0.0
1790979068903.0,4146.97,4147.52,0.5500000000001819,0.0
1790979069138.0,4146.96,4147.51,0.5500000000001819,0.0
1790979069346.0,4146.92,4147.47,0.5500000000001819,0.0
1790979069439.0,4146.94,4147.49,0.5500000000001819,0.0
1790979069550.0,4146.93,4147.49,0.5599999999994907,0.0
1790979069693.0,4146.86,4147.41,0.5500000000001819,0.0
1790979069789.0,4146.87,4147.42,0.5500000000001819,0.0
1790979070191.0,4146.53,4147.09,0.5600000000004002,0.0
1790979070753.0,4146.54,4147.1,0.5600000000004002,0.0
1790979071066.0,4146.53,4147.09,0.5600000000004002,0.0
1790979071238.0,4146.65,4147.21,0.5600000000004002,0.0
1790979071437.0,4146.63,4147.19,0.5599999999994907,0.0
1790979071840.0,4146.62,4147.18,0.5600000000004002,0.0
1790979071939.0,4146.63,4147.19,0.5599999999994907,0.0
1790979072429.0,4146.65,4147.21,0.5600000000004002,0.0
1790979072532.0,4146.63,4147.19,0.5599999999994907,0.0
1790979072689.0,4146.61,4147.17,0.5600000000004002,0.0
1790979072838.0,4146.63,4147.18,0.5500000000001819,0.0
1790979073037.0,4146.65,4147.2,0.5500000000001819,0.0
1790979073109.0,4146.61,4147.17,0.5600000000004002,0.0
1790979073188.0,4146.63,4147.18,0.5500000000001819,0.0
1790979073288.0,4146.61,4147.17,0.5600000000004002,0.0
1790979073390.0,4146.63,4147.18,0.5500000000001819,0.0
1790979073492.0,4146.61,4147.17,0.5600000000004002,0.0
1790979073714.0,4146.6,4147.16,0.5599999999994907,0.0
1790979073788.0,4146.61,4147.17,0.5600000000004002,0.0
1790979073894.0,4146.67,4147.22,0.5500000000001819,0.0
1790979073988.0,4146.72,4147.27,0.5500000000001819,0.0
1790979074068.0,4146.71,4147.26,0.5500000000001819,0.0
1790979074168.0,4146.69,4147.24,0.5500000000001819,0.0
1790979074453.0,4146.77,4147.32,0.5499999999992724,0.0
1790979074538.0,4146.69,4147.24,0.5500000000001819,0.0
1790979074742.0,4146.72,4147.28,0.5599999999994907,0.0
1790979074853.0,4146.74,4147.3,0.5600000000004002,0.0
1790979075490.0,4146.69,4147.24,0.5500000000001819,0.0
1790979075643.0,4146.59,4147.14,0.5500000000001819,0.0
1790979075738.0,4146.69,4147.24,0.5500000000001819,0.0
1790979075839.0,4146.7,4147.25,0.5500000000001819,0.0
1790979075925.0,4146.69,4147.24,0.5500000000001819,0.0
1790979076238.0,4146.72,4147.27,0.5500000000001819,0.0
1790979076340.0,4146.69,4147.24,0.5500000000001819,0.0
1790979076439.0,4146.71,4147.26,0.5500000000001819,0.0
1790979076541.0,4146.69,4147.24,0.5500000000001819,0.0
1790979077188.0,4146.8,4147.35,0.5500000000001819,0.0
1790979077291.0,4146.72,4147.27,0.5500000000001819,0.0
1790979077431.0,4146.68,4147.23,0.5499999999992724,0.0
1790979077819.0,4146.65,4147.21,0.5600000000004002,0.0
1790979077892.0,4146.61,4147.16,0.5500000000001819,0.0
1790979077973.0,4146.66,4147.21,0.5500000000001819,0.0
1790979078076.0,4146.65,4147.21,0.5600000000004002,0.0
1790979078948.0,4146.67,4147.22,0.5500000000001819,0.0
1790979079047.0,4146.69,4147.24,0.5500000000001819,0.0
1790979079201.0,4146.67,4147.22,0.5500000000001819,0.0
1790979079988.0,4146.69,4147.24,0.5500000000001819,0.0
1790979080090.0,4146.82,4147.37,0.5500000000001819,0.0
1790979080187.0,4146.83,4147.38,0.5500000000001819,0.0
1790979080688.0,4146.7,4147.25,0.5500000000001819,0.0
1790979080838.0,4146.69,4147.24,0.5500000000001819,0.0
1790979080937.0,4146.67,4147.22,0.5500000000001819,0.0
1790979081037.0,4146.39,4146.93,0.5399999999999636,0.0
1790979081137.0,4146.34,4146.88,0.5399999999999636,0.0
1790979081237.0,4146.5,4147.05,0.5500000000001819,0.0
1790979081334.0,4146.54,4147.09,0.5500000000001819,0.0
1790979081512.0,4146.53,4147.08,0.5500000000001819,0.0
1790979081593.0,4146.47,4147.01,0.5399999999999636,0.0
1790979081688.0,4146.46,4147.0,0.5399999999999636,0.0
1790979081789.0,4146.58,4147.13,0.5500000000001819,0.0
1790979081888.0,4146.52,4147.07,0.5499999999992724,0.0
1790979081996.0,4146.53,4147.08,0.5500000000001819,0.0
1790979082239.0,4146.54,4147.09,0.5500000000001819,0.0
1790979082338.0,4146.53,4147.08,0.5500000000001819,0.0
1790979082488.0,4146.59,4147.14,0.5500000000001819,0.0
1790979082616.0,4146.6,4147.15,0.5499999999992724,0.0
1790979082854.0,4146.62,4147.17,0.5500000000001819,0.0
1790979082964.0,4146.6,4147.15,0.5499999999992724,0.0
1790979083239.0,4146.61,4147.17,0.5600000000004002,0.0
1790979083787.0,4146.51,4147.06,0.5500000000001819,0.0
1790979083890.0,4146.66,4147.21,0.5500000000001819,0.0
1790979083988.0,4146.65,4147.2,0.5500000000001819,0.0
1790979084591.0,4146.66,4147.21,0.5500000000001819,0.0
1790979084688.0,4146.72,4147.27,0.5500000000001819,0.0
1790979084891.0,4146.67,4147.23,0.5599999999994907,0.0
1790979085088.0,4146.87,4147.42,0.5500000000001819,0.0
1790979085187.0,4146.95,4147.5,0.5500000000001819,0.0
1790979085264.0,4146.94,4147.49,0.5500000000001819,0.0
1790979085338.0,4146.91,4147.46,0.5500000000001819,0.0
1790979085588.0,4146.89,4147.44,0.5499999999992724,0.0
1790979085692.0,4146.74,4147.29,0.5500000000001819,0.0
1790979085766.0,4146.84,4147.39,0.5500000000001819,0.0
1790979085839.0,4146.77,4147.32,0.5499999999992724,0.0
1790979085940.0,4146.81,4147.36,0.5499999999992724,0.0
1790979086092.0,4146.82,4147.37,0.5500000000001819,0.0
1790979086193.0,4146.74,4147.29,0.5500000000001819,0.0
1790979086294.0,4146.97,4147.52,0.5500000000001819,0.0
1790979086394.0,4147.02,4147.57,0.5499999999992724,0.0
1790979086897.0,4146.9,4147.45,0.5500000000001819,0.0
1790979087588.0,4147.04,4147.59,0.5500000000001819,0.0
1790979087687.0,4147.02,4147.57,0.5499999999992724,0.0
1790979087789.0,4147.0,4147.55,0.5500000000001819,0.0
1790979087894.0,4147.03,4147.58,0.5500000000001819,0.0
1790979087990.0,4147.01,4147.56,0.5500000000001819,0.0
1790979088623.0,4147.03,4147.58,0.5500000000001819,0.0
1790979088838.0,4147.02,4147.57,0.5499999999992724,0.0
1790979089040.0,4147.03,4147.58,0.5500000000001819,0.0
1790979089193.0,4147.04,4147.59,0.5500000000001819,0.0
1790979089638.0,4146.91,4147.46,0.5500000000001819,0.0
1790979089715.0,4146.92,4147.47,0.5500000000001819,0.0
1790979089846.0,4146.91,4147.46,0.5500000000001819,0.0
1790979090092.0,4146.82,4147.37,0.5500000000001819,0.0
1790979090190.0,4146.8,4147.35,0.5500000000001819,0.0
1790979090300.0,4146.61,4147.17,0.5600000000004002,0.0
1790979090390.0,4146.61,4147.15,0.5399999999999636,0.0
1790979090464.0,4146.67,4147.23,0.5599999999994907,0.0
1790979090693.0,4146.73,4147.29,0.5600000000004002,0.0
1790979090788.0,4146.72,4147.27,0.5500000000001819,0.0
1790979091123.0,4146.7,4147.26,0.5600000000004002,0.0
1790979091239.0,4146.97,4147.52,0.5500000000001819,0.0
1790979091388.0,4146.93,4147.49,0.5599999999994907,0.0
1790979091490.0,4146.8,4147.35,0.5500000000001819,0.0
1790979091578.0,4146.77,4147.33,0.5599999999994907,0.0
1790979091693.0,4146.83,4147.38,0.5500000000001819,0.0
1790979091802.0,4146.92,4147.48,0.5599999999994907,0.0
1790979091887.0,4146.97,4147.52,0.5500000000001819,0.0
1790979091994.0,4146.88,4147.43,0.5500000000001819,0.0
1790979092091.0,4146.75,4147.31,0.5600000000004002,0.0
1790979092193.0,4146.88,4147.43,0.5500000000001819,0.0
1790979092287.0,4146.87,4147.42,0.5500000000001819,0.0
1790979092392.0,4146.74,4147.29,0.5500000000001819,0.0
1790979092542.0,4146.75,4147.31,0.5600000000004002,0.0
1790979092644.0,4146.96,4147.51,0.5500000000001819,0.0
1790979092741.0,4146.95,4147.5,0.5500000000001819,0.0
1790979092850.0,4146.91,4147.46,0.5500000000001819,0.0
1790979092950.0,4146.86,4147.41,0.5500000000001819,0.0
1790979093342.0,4146.78,4147.32,0.5399999999999636,0.0
1790979093417.0,4146.89,4147.44,0.5499999999992724,0.0
1790979094379.0,4146.87,4147.42,0.5500000000001819,0.0
1790979094486.0,4146.78,4147.33,0.5500000000001819,0.0
1790979094791.0,4146.62,4147.18,0.5600000000004002,0.0
1790979094889.0,4146.71,4147.26,0.5500000000001819,0.0
1790979094973.0,4146.69,4147.25,0.5600000000004002,0.0
1790979095088.0,4146.71,4147.27,0.5600000000004002,0.0
1790979095188.0,4146.68,4147.24,0.5599999999994907,0.0
1790979095289.0,4146.64,4147.19,0.5499999999992724,0.0
1790979095388.0,4146.67,4147.23,0.5599999999994907,0.0
1790979095488.0,4146.65,4147.21,0.5600000000004002,0.0
1790979095595.0,4146.66,4147.22,0.5600000000004002,0.0
1790979095840.0,4146.69,4147.25,0.5600000000004002,0.0
1790979095947.0,4146.7,4147.26,0.5600000000004002,0.0
1790979096100.0,4146.69,4147.25,0.5600000000004002,0.0
1790979096389.0,4146.61,4147.17,0.5600000000004002,0.0
1790979096491.0,4146.57,4147.13,0.5600000000004002,0.0
1790979096594.0,4146.7,4147.26,0.5600000000004002,0.0
1790979096749.0,4146.67,4147.23,0.5599999999994907,0.0
1790979096836.0,4146.7,4147.26,0.5600000000004002,0.0
1790979096990.0,4146.69,4147.25,0.5600000000004002,0.0
1790979097352.0,4146.68,4147.24,0.5599999999994907,0.0
1790979097439.0,4146.69,4147.25,0.5600000000004002,0.0
1790979097537.0,4146.72,4147.28,0.5599999999994907,0.0
1790979097642.0,4146.53,4147.08,0.5500000000001819,0.0
1790979097738.0,4146.57,4147.12,0.5500000000001819,0.0
1790979097813.0,4146.71,4147.26,0.5500000000001819,0.0
1790979097889.0,4146.69,4147.25,0.5600000000004002,0.0
1790979097986.0,4146.67,4147.23,0.5599999999994907,0.0
1790979098137.0,4146.8,4147.35,0.5500000000001819,0.0
1790979098238.0,4146.75,4147.3,0.5500000000001819,0.0
1790979098339.0,4146.74,4147.29,0.5500000000001819,0.0
1790979098540.0,4146.72,4147.28,0.5599999999994907,0.0
1790979098691.0,4146.64,4147.19,0.5499999999992724,0.0
1790979098842.0,4146.61,4147.17,0.5600000000004002,0.0
1790979099089.0,4146.64,4147.19,0.5499999999992724,0.0
1790979099162.0,4146.62,4147.18,0.5600000000004002,0.0
1790979099238.0,4146.63,4147.18,0.5500000000001819,0.0
1790979099338.0,4146.6,4147.16,0.5599999999994907,0.0
1790979099439.0,4146.71,4147.26,0.5500000000001819,0.0
1790979099537.0,4146.71,4147.27,0.5600000000004002,0.0
1790979099652.0,4146.7,4147.26,0.5600000000004002,0.0
1790979099989.0,4146.87,4147.42,0.5500000000001819,0.0
1790979100065.0,4146.83,4147.38,0.5500000000001819,0.0
1790979100388.0,4146.82,4147.37,0.5500000000001819,0.0
1790979101123.0,4146.78,4147.33,0.5500000000001819,0.0
1790979101291.0,4146.87,4147.42,0.5500000000001819,0.0
1790979101389.0,4146.94,4147.49,0.5500000000001819,0.0
1790979101491.0,4146.89,4147.44,0.5499999999992724,0.0
1790979101591.0,4147.03,4147.58,0.5500000000001819,0.0
1790979101688.0,4146.99,4147.54,0.5500000000001819,0.0
1790979101773.0,4147.03,4147.58,0.5500000000001819,0.0
1790979101893.0,4146.98,4147.53,0.5500000000001819,0.0
1790979102639.0,4146.96,4147.51,0.5500000000001819,0.0
1790979102838.0,4146.95,4147.5,0.5500000000001819,0.0
1790979103013.0,4146.96,4147.51,0.5500000000001819,0.0
1790979103241.0,4146.95,4147.5,0.5500000000001819,0.0
1790979103343.0,4146.71,4147.26,0.5500000000001819,0.0
1790979103540.0,4146.69,4147.24,0.5500000000001819,0.0
1790979103665.0,4146.71,4147.26,0.5500000000001819,0.0
1790979103740.0,4146.71,4147.27,0.5600000000004002,0.0
1790979103871.0,4146.72,4147.28,0.5599999999994907,0.0
1790979104188.0,4146.7,4147.25,0.5500000000001819,0.0
1790979104287.0,4146.68,4147.24,0.5599999999994907,0.0
1790979104431.0,4146.69,4147.25,0.5600000000004002,0.0
1790979104543.0,4146.81,4147.36,0.5499999999992724,0.0
1790979104640.0,4146.9,4147.45,0.5500000000001819,0.0
1790979104737.0,4146.82,4147.37,0.5500000000001819,0.0
1790979105138.0,4146.83,4147.38,0.5500000000001819,0.0
1790979105238.0,4146.78,4147.33,0.5500000000001819,0.0
1790979105356.0,4146.7,4147.25,0.5500000000001819,0.0
1790979105463.0,4146.63,4147.19,0.5599999999994907,0.0
1790979105688.0,4146.73,4147.28,0.5500000000001819,0.0
1790979105776.0,4146.75,4147.3,0.5500000000001819,0.0
1790979105889.0,4146.65,4147.2,0.5500000000001819,0.0
1790979105988.0,4146.63,4147.19,0.5599999999994907,0.0
1790979106096.0,4146.61,4147.17,0.5600000000004002,0.0
1790979106188.0,4146.6,4147.15,0.5499999999992724,0.0
1790979106302.0,4146.58,4147.13,0.5500000000001819,0.0
1790979106387.0,4146.64,4147.2,0.5599999999994907,0.0
1790979106570.0,4146.62,4147.18,0.5600000000004002,0.0
1790979106967.0,4146.66,4147.21,0.5500000000001819,0.0
1790979107439.0,4146.68,4147.24,0.5599999999994907,0.0
1790979107893.0,4146.7,4147.25,0.5500000000001819,0.0
1790979108093.0,4146.66,4147.21,0.5500000000001819,0.0
1790979108754.0,4146.65,4147.2,0.5500000000001819,0.0
1790979109190.0,4146.75,4147.3,0.5500000000001819,0.0
1790979109288.0,4146.76,4147.31,0.5500000000001819,0.0
1790979110088.0,4146.79,4147.34,0.5500000000001819,0.0
1790979110165.0,4146.89,4147.44,0.5499999999992724,0.0
1790979110288.0,4146.88,4147.43,0.5500000000001819,0.0
1790979110370.0,4146.91,4147.46,0.5500000000001819,0.0
1790979110488.0,4146.96,4147.51,0.5500000000001819,0.0
1790979110638.0,4146.98,4147.53,0.5500000000001819,0.0
1790979110739.0,4146.95,4147.5,0.5500000000001819,0.0
1790979110941.0,4146.92,4147.46,0.5399999999999636,0.0
1790979111043.0,4146.83,4147.38,0.5500000000001819,0.0
1790979111140.0,4146.87,4147.43,0.5600000000004002,0.0
1790979111240.0,4147.01,4147.57,0.5599999999994907,0.0
1790979111338.0,4146.93,4147.48,0.5499999999992724,0.0
1790979111437.0,4146.91,4147.46,0.5500000000001819,0.0
1790979111537.0,4146.92,4147.47,0.5500000000001819,0.0
1790979111925.0,4146.91,4147.46,0.5500000000001819,0.0
1790979112066.0,4146.9,4147.45,0.5500000000001819,0.0
1790979112219.0,4146.87,4147.42,0.5500000000001819,0.0
1790979112988.0,4146.83,4147.38,0.5500000000001819,0.0
1790979113140.0,4146.87,4147.42,0.5500000000001819,0.0
1790979113640.0,4146.95,4147.5,0.5500000000001819,0.0
1790979113719.0,4147.0,4147.55,0.5500000000001819,0.0
1790979113795.0,4146.94,4147.49,0.5500000000001819,0.0
1790979113881.0,4146.89,4147.44,0.5499999999992724,0.0
1790979114187.0,4146.98,4147.54,0.5600000000004002,0.0
1790979114292.0,4147.04,4147.59,0.5500000000001819,0.0
1790979114393.0,4147.1,4147.65,0.5499999999992724,0.0
1790979114491.0,4147.02,4147.57,0.5499999999992724,0.0
1790979114587.0,4147.08,4147.63,0.5500000000001819,0.0
1790979114690.0,4147.04,4147.59,0.5500000000001819,0.0
1790979114787.0,4147.03,4147.58,0.5500000000001819,0.0
1790979114952.0,4147.0,4147.55,0.5500000000001819,0.0
1790979115038.0,4147.01,4147.56,0.5500000000001819,0.0
1790979115145.0,4146.87,4147.42,0.5500000000001819,0.0
1790979115280.0,4147.0,4147.55,0.5500000000001819,0.0
1790979115496.0,4147.12,4147.67,0.5500000000001819,0.0
1790979115591.0,4147.27,4147.82,0.5499999999992724,0.0
1790979115692.0,4147.32,4147.87,0.5500000000001819,0.0
1790979115795.0,4147.26,4147.81,0.5500000000001819,0.0
1790979115891.0,4147.24,4147.79,0.5500000000001819,0.0
1790979115991.0,4147.29,4147.84,0.5500000000001819,0.0
1790979116189.0,4147.21,4147.76,0.5500000000001819,0.0
1790979116288.0,4147.17,4147.72,0.5500000000001819,0.0
1790979116738.0,4147.12,4147.67,0.5500000000001819,0.0
1790979116844.0,4147.21,4147.76,0.5500000000001819,0.0
1790979116939.0,4147.2,4147.75,0.5500000000001819,0.0
1790979117238.0,4147.25,4147.81,0.5600000000004002,0.0
1790979117322.0,4147.19,4147.74,0.5500000000001819,0.0
1790979118140.0,4147.07,4147.62,0.5500000000001819,0.0
1790979118242.0,4147.2,4147.75,0.5500000000001819,0.0
1790979118361.0,4147.19,4147.74,0.5500000000001819,0.0
1790979119690.0,4147.27,4147.82,0.5499999999992724,0.0
1790979119800.0,4147.33,4147.88,0.5500000000001819,0.0
1790979119890.0,4147.35,4147.9,0.5499999999992724,0.0
1790979119990.0,4147.29,4147.84,0.5500000000001819,0.0
1790979120094.0,4147.38,4147.93,0.5500000000001819,0.0
1790979120189.0,4147.42,4147.97,0.5500000000001819,0.0
1790979120289.0,4147.38,4147.93,0.5500000000001819,0.0
1790979120408.0,4147.43,4147.98,0.5499999999992724,0.0
1790979120542.0,4147.4,4147.95,0.5500000000001819,0.0
1790979120641.0,4147.28,4147.83,0.5500000000001819,0.0
1790979120743.0,4147.08,4147.63,0.5500000000001819,0.0
1790979120855.0,4147.11,4147.66,0.5500000000001819,0.0
1790979120939.0,4147.15,4147.71,0.5600000000004002,0.0
1790979121039.0,4147.13,4147.68,0.5500000000001819,0.0
1790979121241.0,4147.32,4147.87,0.5500000000001819,0.0
1790979121311.0,4147.31,4147.86,0.5499999999992724,0.0
1790979121388.0,4147.34,4147.89,0.5500000000001819,0.0
1790979121458.0,4147.31,4147.86,0.5499999999992724,0.0
1790979121569.0,4147.32,4147.87,0.5500000000001819,0.0
1790979121941.0,4147.33,4147.88,0.5500000000001819,0.0
1790979122145.0,4147.31,4147.86,0.5499999999992724,0.0
1790979122238.0,4147.39,4147.94,0.5499999999992724,0.0
1790979122390.0,4147.41,4147.96,0.5500000000001819,0.0
1790979122690.0,4147.52,4148.07,0.5499999999992724,0.0
1790979122787.0,4147.53,4148.08,0.5500000000001819,0.0
1790979122939.0,4147.47,4148.02,0.5500000000001819,0.0
1790979123039.0,4147.49,4148.04,0.5500000000001819,0.0
1790979123139.0,4147.55,4148.1,0.5500000000001819,0.0
1790979123226.0,4147.52,4148.07,0.5499999999992724,0.0
1790979123640.0,4147.54,4148.09,0.5500000000001819,0.0
1790979123737.0,4147.52,4148.07,0.5499999999992724,0.0
1790979123954.0,4147.54,4148.09,0.5500000000001819,0.0
1790979124190.0,4147.48,4148.04,0.5600000000004002,0.0
1790979124329.0,4147.52,4148.07,0.5499999999992724,0.0
1790979124488.0,4147.49,4148.05,0.5600000000004002,0.0
1790979124676.0,4147.55,4148.1,0.5500000000001819,0.0
1790979124904.0,4147.53,4148.08,0.5500000000001819,0.0
1790979124988.0,4147.49,4148.04,0.5500000000001819,0.0
1790979125107.0,4147.46,4148.01,0.5500000000001819,0.0
1790979125239.0,4147.43,4147.98,0.5499999999992724,0.0
1790979126033.0,4147.41,4147.96,0.5500000000001819,0.0
1790979126138.0,4147.61,4148.16,0.5500000000001819,0.0
1790979126243.0,4147.64,4148.19,0.5499999999992724,0.0
1790979126344.0,4147.63,4148.18,0.5500000000001819,0.0
1790979126490.0,4147.61,4148.16,0.5500000000001819,0.0
1790979126592.0,4147.69,4148.24,0.5500000000001819,0.0
1790979126694.0,4147.7,4148.25,0.5500000000001819,0.0
1790979126891.0,4147.67,4148.21,0.5399999999999636,0.0
1790979126999.0,4147.69,4148.24,0.5500000000001819,0.0
1790979127101.0,4147.67,4148.21,0.5399999999999636,0.0
1790979127641.0,4147.65,4148.2,0.5500000000001819,0.0
1790979127893.0,4147.68,4148.23,0.5499999999992724,0.0
1790979127992.0,4147.67,4148.22,0.5500000000001819,0.0
1790979128097.0,4147.77,4148.32,0.5499999999992724,0.0
1790979128188.0,4147.72,4148.28,0.5599999999994907,0.0
1790979128290.0,4147.81,4148.36,0.5499999999992724,0.0
1790979128391.0,4147.87,4148.42,0.5500000000001819,0.0
1790979128838.0,4147.84,4148.39,0.5500000000001819,0.0
1790979128939.0,4147.8,4148.35,0.5500000000001819,0.0
1790979129100.0,4147.81,4148.36,0.5499999999992724,0.0
1790979129193.0,4147.67,4148.22,0.5500000000001819,0.0
1790979129392.0,4147.65,4148.2,0.5500000000001819,0.0
1790979129488.0,4147.67,4148.22,0.5500000000001819,0.0
1790979129586.0,4147.68,4148.23,0.5499999999992724,0.0
1790979129815.0,4147.67,4148.22,0.5500000000001819,0.0
1790979129923.0,4147.69,4148.25,0.5600000000004002,0.0
1790979130037.0,4147.68,4148.24,0.5599999999994907,0.0
1790979130240.0,4147.66,4148.22,0.5600000000004002,0.0
1790979130340.0,4147.84,4148.39,0.5500000000001819,0.0
1790979130493.0,4147.78,4148.34,0.5600000000004002,0.0
1790979130593.0,4147.72,4148.27,0.5500000000001819,0.0
1790979130695.0,4147.66,4148.22,0.5600000000004002,0.0
1790979131041.0,4147.76,4148.31,0.5500000000001819,0.0
1790979131124.0,4147.75,4148.31,0.5600000000004002,0.0
1790979131201.0,4147.81,4148.36,0.5499999999992724,0.0
1790979131288.0,4147.8,4148.35,0.5500000000001819,0.0
1790979131449.0,4147.76,4148.32,0.5599999999994907,0.0
1790979131537.0,4147.73,4148.28,0.5500000000001819,0.0
1790979131607.0,4147.74,4148.3,0.5600000000004002,0.0
1790979131987.0,4147.76,4148.31,0.5500000000001819,0.0
1790979132248.0,4147.77,4148.33,0.5599999999994907,0.0
1790979132595.0,4147.77,4148.32,0.5499999999992724,0.0
1790979132690.0,4147.74,4148.29,0.5500000000001819,0.0
1790979132839.0,4147.76,4148.31,0.5500000000001819,0.0
1790979133241.0,4147.74,4148.3,0.5600000000004002,0.0
1790979133439.0,4147.73,4148.29,0.5600000000004002,0.0
1790979133554.0,4147.76,4148.31,0.5500000000001819,0.0
1790979133740.0,4147.73,4148.29,0.5600000000004002,0.0
1790979133844.0,4147.61,4148.17,0.5600000000004002,0.0
1790979133944.0,4147.64,4148.19,0.5499999999992724,0.0
1790979134018.0,4147.57,4148.12,0.5500000000001819,0.0
1790979134092.0,4147.49,4148.05,0.5600000000004002,0.0
1790979134188.0,4147.54,4148.09,0.5500000000001819,0.0
1790979134289.0,4147.55,4148.1,0.5500000000001819,0.0
1790979134539.0,4147.58,4148.14,0.5600000000004002,0.0
1790979134639.0,4147.64,4148.19,0.5499999999992724,0.0
1790979134737.0,4147.25,4147.8,0.5500000000001819,0.0
1790979134837.0,4147.24,4147.79,0.5500000000001819,0.0
1790979134966.0,4147.26,4147.81,0.5500000000001819,0.0
1790979135088.0,4147.27,4147.82,0.5499999999992724,0.0
1790979135186.0,4147.28,4147.83,0.5500000000001819,0.0
1790979135293.0,4147.25,4147.8,0.5500000000001819,0.0
1790979135402.0,4147.26,4147.81,0.5500000000001819,0.0
1790979135495.0,4147.29,4147.84,0.5500000000001819,0.0
1790979135591.0,4147.53,4148.08,0.5500000000001819,0.0
1790979135788.0,4147.5,4148.05,0.5500000000001819,0.0
1790979136194.0,4147.47,4148.02,0.5500000000001819,0.0
1790979136298.0,4147.39,4147.94,0.5499999999992724,0.0
1790979136489.0,4147.47,4148.03,0.5599999999994907,0.0
1790979136603.0,4147.48,4148.03,0.5500000000001819,0.0
1790979136708.0,4147.45,4148.0,0.5500000000001819,0.0
1790979136790.0,4147.38,4147.93,0.5500000000001819,0.0
1790979136861.0,4147.37,4147.92,0.5500000000001819,0.0
1790979137355.0,4147.36,4147.91,0.5500000000001819,0.0
1790979137743.0,4147.39,4147.94,0.5499999999992724,0.0
1790979138042.0,4147.48,4148.03,0.5500000000001819,0.0
1790979138140.0,4147.49,4148.04,0.5500000000001819,0.0
1790979138249.0,4147.48,4148.03,0.5500000000001819,0.0
1790979139288.0,4147.46,4148.02,0.5600000000004002,0.0
1790979139739.0,4147.47,4148.03,0.5599999999994907,0.0
1790979140000.0,4147.45,4148.01,0.5600000000004002,0.0
1790979141038.0,4147.44,4147.99,0.5500000000001819,0.0
1790979141126.0,4147.38,4147.94,0.5599999999994907,0.0
1790979141209.0,4147.36,4147.91,0.5500000000001819,0.0
1790979141343.0,4147.31,4147.86,0.5499999999992724,0.0
1790979141442.0,4147.38,4147.93,0.5500000000001819,0.0
1790979141543.0,4147.42,4147.97,0.5500000000001819,0.0
1790979141639.0,4147.47,4148.02,0.5500000000001819,0.0
1790979141751.0,4147.45,4148.0,0.5500000000001819,0.0
1790979141852.0,4147.46,4148.01,0.5500000000001819,0.0
1790979142321.0,4147.45,4148.0,0.5500000000001819,0.0
1790979142655.0,4147.44,4147.99,0.5500000000001819,0.0
1790979143252.0,4147.39,4147.95,0.5599999999994907,0.0
1790979143339.0,4147.36,4147.91,0.5500000000001819,0.0
1790979143839.0,4147.43,4147.97,0.5399999999999636,0.0
1790979143966.0,4147.43,4147.98,0.5499999999992724,0.0
1790979144038.0,4147.37,4147.92,0.5500000000001819,0.0
1790979144138.0,4147.37,4147.93,0.5600000000004002,0.0
1790979144238.0,4147.43,4147.98,0.5499999999992724,0.0
1790979144324.0,4147.42,4147.97,0.5500000000001819,0.0
1790979144538.0,4147.43,4147.98,0.5499999999992724,0.0
1790979144613.0,4147.42,4147.97,0.5500000000001819,0.0
1790979144939.0,4147.32,4147.87,0.5500000000001819,0.0
1790979145026.0,4147.4,4147.95,0.5500000000001819,0.0
1790979145139.0,4147.46,4148.01,0.5500000000001819,0.0
1790979145239.0,4147.4,4147.95,0.5500000000001819,0.0
1790979145326.0,4147.41,4147.96,0.5500000000001819,0.0
1790979145438.0,4147.42,4147.98,0.5599999999994907,0.0
1790979145539.0,4147.39,4147.94,0.5499999999992724,0.0
1790979146553.0,4147.38,4147.93,0.5500000000001819,0.0
1790979146837.0,4147.33,4147.88,0.5500000000001819,0.0
1790979146922.0,4147.34,4147.89,0.5500000000001819,0.0
1790979147041.0,4147.38,4147.93,0.5500000000001819,0.0
1790979147142.0,4147.41,4147.96,0.5500000000001819,0.0
1790979147244.0,4147.48,4148.03,0.5500000000001819,0.0
1790979147351.0,4147.49,4148.04,0.5500000000001819,0.0
1790979147443.0,4147.47,4148.02,0.5500000000001819,0.0
1790979147539.0,4147.41,4147.96,0.5500000000001819,0.0
1790979147801.0,4147.43,4147.98,0.5499999999992724,0.0
1790979147891.0,4147.63,4148.18,0.5500000000001819,0.0
1790979147989.0,4147.6,4148.15,0.5499999999992724,0.0
1790979148088.0,4147.61,4148.16,0.5500000000001819,0.0
1790979148190.0,4147.6,4148.15,0.5499999999992724,0.0
1790979148289.0,4147.52,4148.07,0.5499999999992724,0.0
1790979148388.0,4147.51,4148.06,0.5500000000001819,0.0
1790979148490.0,4147.55,4148.1,0.5500000000001819,0.0
1790979148590.0,4147.54,4148.09,0.5500000000001819,0.0
1790979148743.0,4147.55,4148.1,0.5500000000001819,0.0
1790979148938.0,4147.53,4148.09,0.5600000000004002,0.0
1790979149390.0,4147.47,4148.02,0.5500000000001819,0.0
1790979149494.0,4147.31,4147.86,0.5499999999992724,0.0
1790979149590.0,4147.34,4147.89,0.5500000000001819,0.0
1790979149692.0,4147.35,4147.9,0.5499999999992724,0.0
1790979150289.0,4147.33,4147.88,0.5500000000001819,0.0
1790979150872.0,4147.32,4147.87,0.5500000000001819,0.0
1790979152389.0,4147.25,4147.8,0.5500000000001819,0.0
1790979152489.0,4147.27,4147.82,0.5499999999992724,0.0
1790979152563.0,4147.24,4147.79,0.5500000000001819,0.0
1790979153994.0,4147.34,4147.89,0.5500000000001819,0.0
1790979154071.0,4147.28,4147.83,0.5500000000001819,0.0
1790979154188.0,4147.26,4147.8,0.5399999999999636,0.0
1790979154292.0,4147.27,4147.82,0.5499999999992724,0.0
1790979154392.0,4147.29,4147.84,0.5500000000001819,0.0
1790979154503.0,4147.3,4147.85,0.5500000000001819,0.0
1790979154589.0,4147.41,4147.96,0.5500000000001819,0.0
1790979155188.0,4147.45,4148.0,0.5500000000001819,0.0
1790979155259.0,4147.41,4147.96,0.5500000000001819,0.0
1790979156038.0,4147.4,4147.95,0.5500000000001819,0.0
1790979156346.0,4147.42,4147.97,0.5500000000001819,0.0
1790979157141.0,4147.37,4147.92,0.5500000000001819,0.0
1790979157223.0,4147.34,4147.89,0.5500000000001819,0.0
1790979157326.0,4147.33,4147.88,0.5500000000001819,0.0
1790979157638.0,4147.32,4147.87,0.5500000000001819,0.0
1790979157737.0,4147.3,4147.85,0.5500000000001819,0.0
1790979157814.0,4147.31,4147.86,0.5499999999992724,0.0
1790979158092.0,4147.38,4147.92,0.5399999999999636,0.0
1790979158193.0,4147.42,4147.97,0.5500000000001819,0.0
1790979158450.0,4147.39,4147.94,0.5499999999992724,0.0
1790979158640.0,4147.32,4147.87,0.5500000000001819,0.0
1790979158743.0,4147.31,4147.86,0.5499999999992724,0.0
1790979159784.0,4147.33,4147.88,0.5500000000001819,0.0
1790979159893.0,4147.32,4147.87,0.5500000000001819,0.0
1790979160090.0,4147.31,4147.86,0.5499999999992724,0.0
1790979160941.0,4147.33,4147.88,0.5500000000001819,0.0
1790979161743.0,4147.32,4147.87,0.5500000000001819,0.0
1790979161837.0,4147.23,4147.78,0.5500000000001819,0.0
1790979162139.0,4147.31,4147.86,0.5499999999992724,0.0
1790979162313.0,4147.32,4147.87,0.5500000000001819,0.0
1790979162939.0,4147.31,4147.86,0.5499999999992724,0.0
1790979163144.0,4147.3,4147.85,0.5500000000001819,0.0
1790979163243.0,4147.22,4147.77,0.5500000000001819,0.0
1790979163343.0,4147.25,4147.8,0.5500000000001819,0.0
1790979163418.0,4147.21,4147.76,0.5500000000001819,0.0
1790979163521.0,4147.24,4147.79,0.5500000000001819,0.0
1790979163791.0,4147.21,4147.76,0.5500000000001819,0.0
1790979163889.0,4147.16,4147.71,0.5500000000001819,0.0
1790979164289.0,4147.13,4147.68,0.5500000000001819,0.0
1790979164384.0,4147.12,4147.67,0.5500000000001819,0.0
1790979164639.0,4147.13,4147.68,0.5500000000001819,0.0
1790979164990.0,4147.12,4147.67,0.5500000000001819,0.0
1790979165246.0,4147.13,4147.68,0.5500000000001819,0.0
1790979165437.0,4147.01,4147.56,0.5500000000001819,0.0
1790979165593.0,4147.02,4147.57,0.5499999999992724,0.0
1790979165688.0,4147.04,4147.59,0.5500000000001819,0.0
1790979165788.0,4147.12,4147.67,0.5500000000001819,0.0
1790979165879.0,4147.05,4147.6,0.5500000000001819,0.0
1790979166038.0,4147.02,4147.58,0.5599999999994907,0.0
1790979166143.0,4147.09,4147.64,0.5500000000001819,0.0
1790979166238.0,4147.14,4147.69,0.5499999999992724,0.0
1790979166337.0,4147.12,4147.67,0.5500000000001819,0.0
1790979167092.0,4147.11,4147.66,0.5500000000001819,0.0
1790979167199.0,4147.09,4147.64,0.5500000000001819,0.0
1790979167504.0,4147.08,4147.63,0.5500000000001819,0.0
1790979167639.0,4147.02,4147.57,0.5499999999992724,0.0
1790979167792.0,4147.04,4147.59,0.5500000000001819,0.0
1790979167890.0,4147.01,4147.56,0.5500000000001819,0.0
1790979168435.0,4147.0,4147.55,0.5500000000001819,0.0
1790979168541.0,4146.98,4147.53,0.5500000000001819,0.0
1790979168768.0,4146.95,4147.51,0.5600000000004002,0.0
1790979168945.0,4146.98,4147.54,0.5600000000004002,0.0
1790979170673.0,4147.0,4147.56,0.5600000000004002,0.0
1790979171012.0,4146.99,4147.55,0.5600000000004002,0.0
1790979171389.0,4146.94,4147.49,0.5500000000001819,0.0
1790979171539.0,4146.97,4147.52,0.5500000000001819,0.0
1790979172091.0,4146.95,4147.5,0.5500000000001819,0.0
1790979172268.0,4146.93,4147.48,0.5499999999992724,0.0
1790979173171.0,4146.9,4147.45,0.5500000000001819,0.0
1790979173892.0,4146.87,4147.42,0.5500000000001819,0.0
1790979174038.0,4146.88,4147.43,0.5500000000001819,0.0
1790979174129.0,4146.89,4147.44,0.5499999999992724,0.0
1790979174589.0,4146.89,4147.45,0.5599999999994907,0.0
1790979174691.0,4146.97,4147.52,0.5500000000001819,0.0
1790979174788.0,4146.95,4147.51,0.5600000000004002,0.0
1790979174863.0,4146.84,4147.38,0.5399999999999636,0.0
1790979174938.0,4146.88,4147.43,0.5500000000001819,0.0
1790979175030.0,4146.85,4147.4,0.5499999999992724,0.0
1790979175143.0,4146.86,4147.41,0.5500000000001819,0.0
1790979175588.0,4146.84,4147.38,0.5399999999999636,0.0
1790979175689.0,4146.98,4147.53,0.5500000000001819,0.0
1790979175788.0,4146.9,4147.45,0.5500000000001819,0.0
1790979175888.0,4146.95,4147.5,0.5500000000001819,0.0
1790979175988.0,4146.94,4147.49,0.5500000000001819,0.0
1790979176087.0,4146.89,4147.45,0.5599999999994907,0.0
1790979176190.0,4146.93,4147.48,0.5499999999992724,0.0
1790979176339.0,4146.9,4147.45,0.5500000000001819,0.0
1790979176439.0,4146.88,4147.43,0.5500000000001819,0.0
1790979176538.0,4146.96,4147.51,0.5500000000001819,0.0
1790979176644.0,4146.91,4147.46,0.5500000000001819,0.0
1790979176744.0,4146.9,4147.45,0.5500000000001819,0.0
1790979176853.0,4146.88,4147.43,0.5500000000001819,0.0
1790979177092.0,4146.94,4147.49,0.5500000000001819,0.0
1790979177190.0,4147.0,4147.55,0.5500000000001819,0.0
1790979177284.0,4146.96,4147.51,0.5500000000001819,0.0
1790979177390.0,4146.95,4147.5,0.5500000000001819,0.0
1790979178288.0,4146.84,4147.39,0.5500000000001819,0.0
1790979178443.0,4146.95,4147.5,0.5500000000001819,0.0
1790979178745.0,4146.98,4147.53,0.5500000000001819,0.0
1790979179948.0,4146.97,4147.52,0.5500000000001819,0.0
1790979180039.0,4146.94,4147.49,0.5500000000001819,0.0
1790979180159.0,4146.97,4147.52,0.5500000000001819,0.0
1790979180539.0,4146.98,4147.53,0.5500000000001819,0.0
1790979180768.0,4147.0,4147.55,0.5500000000001819,0.0
1790979181038.0,4147.02,4147.57,0.5499999999992724,0.0
1790979181140.0,4147.04,4147.59,0.5500000000001819,0.0
1790979181227.0,4147.02,4147.57,0.5499999999992724,0.0
1790979181334.0,4147.01,4147.56,0.5500000000001819,0.0
1790979181688.0,4146.96,4147.51,0.5500000000001819,0.0
1790979181796.0,4146.91,4147.46,0.5500000000001819,0.0
1790979181891.0,4146.92,4147.47,0.5500000000001819,0.0
1790979181981.0,4146.84,4147.39,0.5500000000001819,0.0
1790979182088.0,4146.92,4147.47,0.5500000000001819,0.0
1790979182242.0,4146.98,4147.53,0.5500000000001819,0.0
1790979182343.0,4147.02,4147.57,0.5499999999992724,0.0
1790979182438.0,4147.0,4147.55,0.5500000000001819,0.0
1790979182541.0,4146.93,4147.48,0.5499999999992724,0.0
1790979182637.0,4146.96,4147.51,0.5500000000001819,0.0
1790979182743.0,4146.83,4147.38,0.5500000000001819,0.0
1790979182841.0,4146.93,4147.48,0.5499999999992724,0.0
1790979182938.0,4146.92,4147.47,0.5500000000001819,0.0
1790979183041.0,4146.81,4147.36,0.5499999999992724,0.0
1790979183138.0,4146.8,4147.35,0.5500000000001819,0.0
1790979183248.0,4146.84,4147.39,0.5500000000001819,0.0
1790979183338.0,4146.92,4147.47,0.5500000000001819,0.0
1790979183440.0,4146.96,4147.51,0.5500000000001819,0.0
1790979183837.0,4146.95,4147.5,0.5500000000001819,0.0
1790979184592.0,4147.05,4147.6,0.5500000000001819,0.0
1790979184684.0,4147.07,4147.62,0.5500000000001819,0.0
1790979185496.0,4147.11,4147.66,0.5500000000001819,0.0
1790979185591.0,4147.26,4147.82,0.5599999999994907,0.0
1790979185681.0,4147.29,4147.84,0.5500000000001819,0.0
1790979186051.0,4147.25,4147.8,0.5500000000001819,0.0
1790979186240.0,4147.32,4147.87,0.5500000000001819,0.0
1790979186342.0,4147.0,4147.55,0.5500000000001819,0.0
1790979186439.0,4147.03,4147.58,0.5500000000001819,0.0
1790979186517.0,4147.02,4147.57,0.5499999999992724,0.0
1790979186691.0,4146.92,4147.48,0.5599999999994907,0.0
1790979186790.0,4146.85,4147.39,0.5399999999999636,0.0
1790979186894.0,4146.85,4147.4,0.5499999999992724,0.0
1790979186991.0,4146.93,4147.48,0.5499999999992724,0.0
1790979187064.0,4146.95,4147.5,0.5500000000001819,0.0
1790979187141.0,4146.97,4147.52,0.5500000000001819,0.0
1790979187240.0,4146.96,4147.52,0.5600000000004002,0.0
1790979187356.0,4146.95,4147.5,0.5500000000001819,0.0
1790979187740.0,4146.97,4147.52,0.5500000000001819,0.0
1790979188089.0,4146.85,4147.4,0.5499999999992724,0.0
1790979188193.0,4146.64,4147.19,0.5499999999992724,0.0
1790979188290.0,4146.76,4147.31,0.5500000000001819,0.0
1790979188374.0,4146.75,4147.3,0.5500000000001819,0.0
1790979188523.0,4146.78,4147.33,0.5500000000001819,0.0
1790979188940.0,4146.76,4147.32,0.5599999999994907,0.0
1790979189055.0,4146.77,4147.32,0.5499999999992724,0.0
1790979189139.0,4146.73,4147.28,0.5500000000001819,0.0
1790979189244.0,4146.71,4147.26,0.5500000000001819,0.0
1790979189340.0,4146.72,4147.27,0.5500000000001819,0.0
1790979189439.0,4146.76,4147.31,0.5500000000001819,0.0
1790979189534.0,4146.75,4147.3,0.5500000000001819,0.0
1790979189638.0,4146.67,4147.23,0.5599999999994907,0.0
1790979189742.0,4146.71,4147.26,0.5500000000001819,0.0
1790979189845.0,4146.62,4147.17,0.5500000000001819,0.0
1790979189951.0,4146.63,4147.18,0.5500000000001819,0.0
1790979190089.0,4146.62,4147.17,0.5500000000001819,0.0
1790979190238.0,4146.56,4147.12,0.5599999999994907,0.0
1790979190338.0,4146.51,4147.06,0.5500000000001819,0.0
1790979190739.0,4146.43,4146.98,0.5499999999992724,0.0
1790979191088.0,4146.48,4147.03,0.5500000000001819,0.0
1790979191188.0,4146.42,4146.97,0.5500000000001819,0.0
1790979191288.0,4146.29,4146.84,0.5500000000001819,0.0
1790979191388.0,4146.52,4147.07,0.5499999999992724,0.0
1790979191458.0,4146.58,4147.13,0.5500000000001819,0.0
1790979191592.0,4146.72,4147.27,0.5500000000001819,0.0
1790979191687.0,4146.7,4147.25,0.5500000000001819,0.0
1790979191771.0,4146.72,4147.27,0.5500000000001819,0.0
1790979192139.0,4146.79,4147.34,0.5500000000001819,0.0
1790979192238.0,4146.81,4147.36,0.5499999999992724,0.0
1790979192588.0,4146.83,4147.38,0.5500000000001819,0.0
1790979192889.0,4146.9,4147.45,0.5500000000001819,0.0
1790979192989.0,4146.92,4147.48,0.5599999999994907,0.0
1790979193088.0,4146.88,4147.43,0.5500000000001819,0.0
1790979193441.0,4146.89,4147.45,0.5599999999994907,0.0
1790979193518.0,4146.86,4147.42,0.5600000000004002,0.0
1790979193888.0,4146.87,4147.43,0.5600000000004002,0.0
1790979193996.0,4146.85,4147.41,0.5599999999994907,0.0
1790979194439.0,4146.84,4147.4,0.5599999999994907,0.0
1790979194538.0,4146.86,4147.42,0.5600000000004002,0.0
1790979194788.0,4146.85,4147.41,0.5599999999994907,0.0
1790979194889.0,4146.88,4147.43,0.5500000000001819,0.0
1790979195238.0,4146.86,4147.42,0.5600000000004002,0.0
1790979195438.0,4146.84,4147.4,0.5599999999994907,0.0
1790979195839.0,4146.76,4147.32,0.5599999999994907,0.0
1790979195938.0,4146.82,4147.38,0.5600000000004002,0.0
1790979196846.0,4146.83,4147.39,0.5600000000004002,0.0
1790979197087.0,4146.86,4147.42,0.5600000000004002,0.0
1790979197187.0,4146.87,4147.43,0.5600000000004002,0.0
1790979197287.0,4146.84,4147.4,0.5599999999994907,0.0
1790979197394.0,4146.82,4147.38,0.5600000000004002,0.0
1790979197739.0,4146.76,4147.32,0.5599999999994907,0.0
1790979197889.0,4146.68,4147.24,0.5599999999994907,0.0
1790979197989.0,4146.73,4147.29,0.5600000000004002,0.0
1790979198068.0,4146.69,4147.24,0.5500000000001819,0.0
1790979198138.0,4146.7,4147.25,0.5500000000001819,0.0
1790979198556.0,4146.63,4147.17,0.5399999999999636,0.0
1790979198638.0,4146.7,4147.25,0.5500000000001819,0.0
1790979199389.0,4146.67,4147.22,0.5500000000001819,0.0
1790979199468.0,4146.68,4147.24,0.5599999999994907,0.0
1790979199691.0,4146.7,4147.25,0.5500000000001819,0.0
1790979200043.0,4146.75,4147.31,0.5600000000004002,0.0
1790979200148.0,4146.77,4147.33,0.5599999999994907,0.0
1790979200238.0,4146.76,4147.32,0.5599999999994907,0.0
1790979200316.0,4146.73,4147.29,0.5600000000004002,0.0
1790979200459.0,4146.67,4147.22,0.5500000000001819,0.0
1790979200536.0,4146.67,4147.23,0.5599999999994907,0.0
1790979200793.0,4146.78,4147.34,0.5600000000004002,0.0
1790979201147.0,4146.85,4147.41,0.5599999999994907,0.0
1790979201241.0,4146.88,4147.43,0.5500000000001819,0.0
1790979201788.0,4146.89,4147.45,0.5599999999994907,0.0
1790979201947.0,4146.88,4147.43,0.5500000000001819,0.0
1790979202147.0,4146.85,4147.41,0.5599999999994907,0.0
1790979202552.0,4146.86,4147.42,0.5600000000004002,0.0
1790979203676.0,4146.88,4147.43,0.5500000000001819,0.0
1790979203893.0,4146.87,4147.42,0.5500000000001819,0.0
1790979204193.0,4146.65,4147.21,0.5600000000004002,0.0
1790979204289.0,4146.78,4147.34,0.5600000000004002,0.0
1790979204540.0,4146.79,4147.35,0.5600000000004002,0.0
1790979204622.0,4146.78,4147.33,0.5500000000001819,0.0
1790979204729.0,4146.79,4147.35,0.5600000000004002,0.0
1790979204840.0,4146.64,4147.19,0.5499999999992724,0.0
1790979204943.0,4146.46,4147.02,0.5600000000004002,0.0
1790979205141.0,4146.41,4146.97,0.5600000000004002,0.0
1790979205393.0,4146.47,4147.03,0.5599999999994907,0.0
1790979205544.0,4146.56,4147.12,0.5599999999994907,0.0
1790979205615.0,4146.58,4147.14,0.5600000000004002,0.0
1790979205689.0,4146.57,4147.13,0.5600000000004002,0.0
1790979205860.0,4146.58,4147.14,0.5600000000004002,0.0
1790979206042.0,4146.59,4147.14,0.5500000000001819,0.0
1790979206137.0,4146.65,4147.21,0.5600000000004002,0.0
1790979206241.0,4146.56,4147.12,0.5599999999994907,0.0
1790979206338.0,4146.64,4147.19,0.5499999999992724,0.0
1790979206422.0,4146.66,4147.21,0.5500000000001819,0.0
1790979206589.0,4146.64,4147.19,0.5499999999992724,0.0
1790979206689.0,4146.58,4147.14,0.5600000000004002,0.0
1790979206774.0,4146.58,4147.13,0.5500000000001819,0.0
1790979206910.0,4146.69,4147.25,0.5600000000004002,0.0
1790979207022.0,4146.68,4147.23,0.5499999999992724,0.0
1790979207093.0,4146.59,4147.15,0.5599999999994907,0.0
1790979207172.0,4146.63,4147.18,0.5500000000001819,0.0
1790979207392.0,4146.59,4147.15,0.5599999999994907,0.0
1790979207491.0,4146.55,4147.11,0.5599999999994907,0.0
1790979207588.0,4146.45,4147.01,0.5600000000004002,0.0
1790979207688.0,4146.55,4147.11,0.5599999999994907,0.0
1790979207789.0,4146.54,4147.09,0.5500000000001819,0.0
1790979207891.0,4146.56,4147.12,0.5599999999994907,0.0
1790979207988.0,4146.54,4147.1,0.5600000000004002,0.0
1790979208650.0,4146.55,4147.11,0.5599999999994907,0.0
1790979208791.0,4146.56,4147.12,0.5599999999994907,0.0
1790979208875.0,4146.6,4147.15,0.5499999999992724,0.0
1790979209140.0,4146.58,4147.14,0.5600000000004002,0.0
1790979209561.0,4146.61,4147.16,0.5500000000001819,0.0
1790979209637.0,4146.58,4147.14,0.5600000000004002,0.0
1790979209853.0,4146.7,4147.25,0.5500000000001819,0.0
1790979209941.0,4146.71,4147.26,0.5500000000001819,0.0
1790979210146.0,4146.59,4147.14,0.5500000000001819,0.0
1790979210240.0,4146.34,4146.9,0.5599999999994907,0.0
1790979210639.0,4146.33,4146.89,0.5600000000004002,0.0
1790979210742.0,4146.43,4146.99,0.5599999999994907,0.0
1790979210840.0,4146.47,4147.03,0.5599999999994907,0.0
1790979210938.0,4146.49,4147.05,0.5600000000004002,0.0
1790979211164.0,4146.48,4147.04,0.5600000000004002,0.0
1790979211277.0,4146.46,4147.02,0.5600000000004002,0.0
1790979211378.0,4146.6,4147.16,0.5599999999994907,0.0
1790979211490.0,4146.57,4147.13,0.5600000000004002,0.0
1790979211791.0,4146.64,4147.19,0.5499999999992724,0.0
1790979211889.0,4146.56,4147.12,0.5599999999994907,0.0
1790979212188.0,4146.5,4147.06,0.5600000000004002,0.0
1790979212290.0,4146.6,4147.16,0.5599999999994907,0.0
1790979212390.0,4146.58,4147.14,0.5600000000004002,0.0
1790979212690.0,4146.48,4147.04,0.5600000000004002,0.0
1790979212773.0,4146.5,4147.06,0.5600000000004002,0.0
1790979212885.0,4146.61,4147.16,0.5500000000001819,0.0
1790979212989.0,4146.57,4147.13,0.5600000000004002,0.0
1790979213087.0,4146.45,4147.01,0.5600000000004002,0.0
1790979213189.0,4146.42,4146.97,0.5500000000001819,0.0
1790979213274.0,4146.36,4146.92,0.5600000000004002,0.0
1790979213375.0,4146.4,4146.96,0.5600000000004002,0.0
1790979213538.0,4146.44,4146.99,0.5500000000001819,0.0
1790979214092.0,4146.4,4146.96,0.5600000000004002,0.0
1790979214213.0,4146.36,4146.92,0.5600000000004002,0.0
1790979214348.0,4146.35,4146.91,0.5599999999994907,0.0
1790979215149.0,4146.48,4147.04,0.5600000000004002,0.0
1790979215243.0,4146.68,4147.24,0.5599999999994907,0.0
1790979215341.0,4146.77,4147.33,0.5599999999994907,0.0
1790979215440.0,4146.78,4147.33,0.5500000000001819,0.0
1790979215789.0,4146.85,4147.41,0.5599999999994907,0.0
1790979215891.0,4146.86,4147.42,0.5600000000004002,0.0
1790979215991.0,4146.79,4147.35,0.5600000000004002,0.0
1790979216090.0,4146.8,4147.35,0.5500000000001819,0.0
1790979216290.0,4146.82,4147.38,0.5600000000004002,0.0
1790979216395.0,4146.85,4147.41,0.5599999999994907,0.0
1790979216489.0,4146.87,4147.43,0.5600000000004002,0.0
1790979216645.0,4146.86,4147.41,0.5500000000001819,0.0
1790979216840.0,4146.77,4147.33,0.5599999999994907,0.0
1790979216946.0,4146.8,4147.35,0.5500000000001819,0.0
1790979217098.0,4146.85,4147.41,0.5599999999994907,0.0
1790979217293.0,4146.78,4147.33,0.5500000000001819,0.0
1790979217647.0,4146.85,4147.41,0.5599999999994907,0.0
1790979217804.0,4146.85,4147.4,0.5499999999992724,0.0
1790979217993.0,4146.76,4147.32,0.5599999999994907,0.0
1790979218346.0,4146.85,4147.4,0.5499999999992724,0.0
1790979218440.0,4146.86,4147.42,0.5600000000004002,0.0
1790979218541.0,4146.8,4147.35,0.5500000000001819,0.0
1790979218645.0,4146.75,4147.31,0.5600000000004002,0.0
1790979218954.0,4146.74,4147.29,0.5500000000001819,0.0
1790979219069.0,4146.81,4147.36,0.5499999999992724,0.0
1790979219339.0,4146.75,4147.3,0.5500000000001819,0.0
1790979219588.0,4146.65,4147.2,0.5500000000001819,0.0
1790979219691.0,4146.66,4147.21,0.5500000000001819,0.0
1790979219788.0,4146.56,4147.11,0.5499999999992724,0.0
1790979219888.0,4146.57,4147.13,0.5600000000004002,0.0
1790979219994.0,4146.54,4147.1,0.5600000000004002,0.0
1790979220237.0,4146.53,4147.09,0.5600000000004002,0.0
1790979220343.0,4146.58,4147.14,0.5600000000004002,0.0
1790979220559.0,4146.56,4147.11,0.5499999999992724,0.0
1790979220695.0,4146.53,4147.09,0.5600000000004002,0.0
1790979220801.0,4146.54,4147.1,0.5600000000004002,0.0
1790979221738.0,4146.53,4147.09,0.5600000000004002,0.0
1790979221991.0,4146.52,4147.08,0.5599999999994907,0.0
1790979222688.0,4146.51,4147.07,0.5599999999994907,0.0
1790979222997.0,4146.46,4147.02,0.5600000000004002,0.0
1790979223195.0,4146.6,4147.14,0.5399999999999636,0.0
1790979223293.0,4146.82,4147.38,0.5600000000004002,0.0
1790979223365.0,4146.8,4147.35,0.5500000000001819,0.0
1790979223540.0,4146.78,4147.34,0.5600000000004002,0.0
1790979223688.0,4146.8,4147.35,0.5500000000001819,0.0
1790979224092.0,4146.8,4147.36,0.5599999999994907,0.0
1790979224190.0,4146.89,4147.45,0.5599999999994907,0.0
1790979224290.0,4146.92,4147.47,0.5500000000001819,0.0
1790979225112.0,4146.94,4147.5,0.5600000000004002,0.0
1790979225438.0,4146.92,4147.48,0.5599999999994907,0.0
1790979225545.0,4146.99,4147.54,0.5500000000001819,0.0
1790979225627.0,4147.06,4147.62,0.5599999999994907,0.0
1790979225789.0,4147.04,4147.6,0.5600000000004002,0.0
1790979225889.0,4147.0,4147.56,0.5600000000004002,0.0
1790979226188.0,4147.04,4147.6,0.5600000000004002,0.0
1790979226368.0,4147.02,4147.58,0.5599999999994907,0.0
1790979226488.0,4147.05,4147.61,0.5599999999994907,0.0
1790979226559.0,4147.04,4147.6,0.5600000000004002,0.0
1790979226638.0,4147.06,4147.62,0.5599999999994907,0.0
1790979226975.0,4147.04,4147.6,0.5600000000004002,0.0
1790979227140.0,4147.06,4147.62,0.5599999999994907,0.0
1790979227237.0,4147.09,4147.65,0.5599999999994907,0.0
1790979227336.0,4147.08,4147.64,0.5600000000004002,0.0
1790979227443.0,4147.14,4147.69,0.5499999999992724,0.0
1790979227540.0,4147.15,4147.7,0.5500000000001819,0.0
1790979227612.0,4147.17,4147.73,0.5599999999994907,0.0
1790979227838.0,4147.15,4147.71,0.5600000000004002,0.0
1790979229371.0,4147.14,4147.7,0.5599999999994907,0.0
1790979230680.0,4147.13,4147.69,0.5599999999994907,0.0
1790979230908.0,4147.14,4147.7,0.5599999999994907,0.0
1790979231138.0,4147.1,4147.65,0.5499999999992724,0.0
1790979231254.0,4147.05,4147.61,0.5599999999994907,0.0
1790979231441.0,4147.06,4147.62,0.5599999999994907,0.0
1790979231537.0,4147.05,4147.61,0.5599999999994907,0.0
1790979231641.0,4147.06,4147.62,0.5599999999994907,0.0
1790979231736.0,4147.07,4147.63,0.5600000000004002,0.0
1790979231869.0,4147.06,4147.62,0.5599999999994907,0.0
1790979232055.0,4147.05,4147.61,0.5599999999994907,0.0
1790979232165.0,4147.06,4147.62,0.5599999999994907,0.0
1790979232237.0,4147.07,4147.63,0.5600000000004002,0.0
1790979232350.0,4147.06,4147.62,0.5599999999994907,0.0
1790979232489.0,4147.01,4147.57,0.5599999999994907,0.0
1790979232619.0,4146.99,4147.54,0.5500000000001819,0.0
1790979232738.0,4147.05,4147.6,0.5500000000001819,0.0
1790979232821.0,4147.01,4147.57,0.5599999999994907,0.0
1790979232939.0,4147.04,4147.59,0.5500000000001819,0.0
1790979233038.0,4146.99,4147.54,0.5500000000001819,0.0
1790979233238.0,4147.04,4147.59,0.5500000000001819,0.0
1790979233339.0,4147.18,4147.73,0.5499999999992724,0.0
1790979233439.0,4147.2,4147.75,0.5500000000001819,0.0
1790979233552.0,4147.33,4147.88,0.5500000000001819,0.0
1790979233638.0,4147.35,4147.9,0.5499999999992724,0.0
1790979234041.0,4147.33,4147.88,0.5500000000001819,0.0
1790979234188.0,4147.27,4147.83,0.5599999999994907,0.0
1790979234286.0,4147.32,4147.87,0.5500000000001819,0.0
1790979234389.0,4147.35,4147.9,0.5499999999992724,0.0
1790979234523.0,4147.36,4147.91,0.5500000000001819,0.0
1790979235094.0,4147.38,4147.93,0.5500000000001819,0.0
1790979235890.0,4147.41,4147.96,0.5500000000001819,0.0
1790979236490.0,4147.37,4147.93,0.5600000000004002,0.0
1790979236589.0,4147.3,4147.86,0.5599999999994907,0.0
1790979236691.0,4147.36,4147.92,0.5600000000004002,0.0
1790979236789.0,4147.41,4147.96,0.5500000000001819,0.0
1790979236890.0,4147.36,4147.92,0.5600000000004002,0.0
1790979237088.0,4147.4,4147.95,0.5500000000001819,0.0
1790979237466.0,4147.36,4147.92,0.5600000000004002,0.0
1790979237590.0,4147.33,4147.88,0.5500000000001819,0.0
1790979237667.0,4147.3,4147.86,0.5599999999994907,0.0
1790979238309.0,4147.39,4147.94,0.5499999999992724,0.0
1790979238438.0,4147.3,4147.86,0.5599999999994907,0.0
1790979238589.0,4147.29,4147.85,0.5600000000004002,0.0
1790979238689.0,4147.3,4147.86,0.5599999999994907,0.0
1790979238846.0,4147.32,4147.88,0.5600000000004002,0.0
1790979238951.0,4147.35,4147.91,0.5599999999994907,0.0
1790979239088.0,4147.33,4147.88,0.5500000000001819,0.0
1790979239204.0,4147.33,4147.89,0.5600000000004002,0.0
1790979239293.0,4147.44,4147.99,0.5500000000001819,0.0
1790979239387.0,4147.54,4148.09,0.5500000000001819,0.0
1790979239738.0,4147.66,4148.22,0.5600000000004002,0.0
1790979239837.0,4147.72,4148.27,0.5500000000001819,0.0
1790979240389.0,4147.7,4148.25,0.5500000000001819,0.0
1790979240489.0,4147.61,4148.16,0.5500000000001819,0.0
1790979240590.0,4147.5,4148.06,0.5600000000004002,0.0
1790979240688.0,4147.5,4148.05,0.5500000000001819,0.0
1790979240790.0,4147.48,4148.03,0.5500000000001819,0.0
1790979241253.0,4147.5,4148.05,0.5500000000001819,0.0
1790979241595.0,4147.64,4148.19,0.5499999999992724,0.0
1790979241690.0,4147.73,4148.28,0.5500000000001819,0.0
1790979241799.0,4147.84,4148.39,0.5500000000001819,0.0
1790979241886.0,4147.83,4148.38,0.5500000000001819,0.0
1790979241988.0,4147.84,4148.39,0.5500000000001819,0.0
1790979242091.0,4147.79,4148.35,0.5600000000004002,0.0
1790979242195.0,4147.82,4148.37,0.5500000000001819,0.0
1790979242340.0,4147.74,4148.29,0.5500000000001819,0.0
1790979242454.0,4147.77,4148.33,0.5599999999994907,0.0
1790979242588.0,4147.76,4148.32,0.5599999999994907,0.0
1790979242688.0,4147.79,4148.35,0.5600000000004002,0.0
1790979242787.0,4147.84,4148.39,0.5500000000001819,0.0
1790979242891.0,4147.83,4148.38,0.5500000000001819,0.0
1790979242990.0,4147.8,4148.36,0.5599999999994907,0.0
1790979243187.0,4147.79,4148.35,0.5600000000004002,0.0
1790979243272.0,4147.74,4148.3,0.5600000000004002,0.0
1790979243392.0,4147.79,4148.34,0.5500000000001819,0.0
1790979243653.0,4147.76,4148.32,0.5599999999994907,0.0
1790979243739.0,4147.77,4148.32,0.5499999999992724,0.0
1790979243837.0,4147.54,4148.09,0.5500000000001819,0.0
1790979244008.0,4147.55,4148.1,0.5500000000001819,0.0
1790979244088.0,4147.57,4148.12,0.5500000000001819,0.0
1790979244188.0,4147.63,4148.19,0.5599999999994907,0.0
1790979244330.0,4147.65,4148.2,0.5500000000001819,0.0
1790979244560.0,4147.63,4148.19,0.5599999999994907,0.0
1790979244646.0,4147.61,4148.17,0.5600000000004002,0.0
1790979245050.0,4147.6,4148.16,0.5599999999994907,0.0
1790979245244.0,4147.67,4148.23,0.5599999999994907,0.0
1790979245342.0,4147.9,4148.45,0.5500000000001819,0.0
1790979245443.0,4147.93,4148.48,0.5499999999992724,0.0
1790979245566.0,4147.86,4148.41,0.5500000000001819,0.0
1790979245872.0,4147.85,4148.4,0.5499999999992724,0.0
1790979246148.0,4147.83,4148.38,0.5500000000001819,0.0
1790979246242.0,4147.86,4148.41,0.5500000000001819,0.0
1790979246392.0,4147.91,4148.46,0.5500000000001819,0.0
1790979246494.0,4147.86,4148.41,0.5500000000001819,0.0
1790979246593.0,4147.85,4148.4,0.5499999999992724,0.0
1790979246693.0,4147.9,4148.45,0.5500000000001819,0.0
1790979246942.0,4147.89,4148.44,0.5499999999992724,0.0
1790979247017.0,4147.91,4148.46,0.5500000000001819,0.0
1790979247091.0,4147.94,4148.49,0.5500000000001819,0.0
1790979247178.0,4147.96,4148.51,0.5500000000001819,0.0
1790979247291.0,4147.9,4148.45,0.5500000000001819,0.0
1790979247378.0,4147.86,4148.42,0.5600000000004002,0.0
1790979247719.0,4147.87,4148.43,0.5600000000004002,0.0
1790979247996.0,4147.97,4148.52,0.5500000000001819,0.0
1790979248088.0,4147.94,4148.49,0.5500000000001819,0.0
1790979248189.0,4147.96,4148.51,0.5500000000001819,0.0
1790979248289.0,4147.93,4148.49,0.5599999999994907,0.0
1790979248737.0,4147.94,4148.49,0.5500000000001819,0.0
1790979249018.0,4147.99,4148.54,0.5500000000001819,0.0
1790979249490.0,4148.03,4148.59,0.5600000000004002,0.0
1790979249588.0,4148.07,4148.62,0.5500000000001819,0.0
1790979249838.0,4148.09,4148.64,0.5500000000001819,0.0
1790979249938.0,4148.18,4148.73,0.5499999999992724,0.0
1790979250010.0,4148.2,4148.75,0.5500000000001819,0.0
1790979250088.0,4148.21,4148.77,0.5600000000004002,0.0
1790979250186.0,4148.25,4148.81,0.5600000000004002,0.0
1790979250273.0,4148.22,4148.78,0.5599999999994907,0.0
1790979250438.0,4148.13,4148.68,0.5500000000001819,0.0
1790979250544.0,4148.1,4148.66,0.5599999999994907,0.0
1790979250640.0,4148.11,4148.67,0.5600000000004002,0.0
1790979250990.0,4148.18,4148.73,0.5499999999992724,0.0
1790979251138.0,4148.19,4148.74,0.5500000000001819,0.0
1790979251338.0,4148.2,4148.75,0.5500000000001819,0.0
1790979251429.0,4148.26,4148.82,0.5599999999994907,0.0
1790979251531.0,4148.19,4148.74,0.5500000000001819,0.0
1790979251638.0,4148.18,4148.73,0.5499999999992724,0.0
1790979251838.0,4148.17,4148.72,0.5500000000001819,0.0
1790979251939.0,4148.14,4148.69,0.5499999999992724,0.0
1790979252043.0,4148.15,4148.71,0.5600000000004002,0.0
1790979252141.0,4148.13,4148.68,0.5500000000001819,0.0
1790979252223.0,4148.1,4148.65,0.5499999999992724,0.0
1790979252338.0,4148.01,4148.56,0.5500000000001819,0.0
1790979252642.0,4148.02,4148.57,0.5499999999992724,0.0
1790979252737.0,4148.03,4148.58,0.5500000000001819,0.0
1790979253220.0,4148.02,4148.58,0.5599999999994907,0.0
1790979253339.0,4148.03,4148.58,0.5500000000001819,0.0
1790979255591.0,4147.99,4148.54,0.5500000000001819,0.0
1790979255688.0,4147.98,4148.53,0.5500000000001819,0.0
1790979255787.0,4147.99,4148.54,0.5500000000001819,0.0
1790979256388.0,4148.02,4148.57,0.5499999999992724,0.0
1790979256520.0,4147.99,4148.54,0.5500000000001819,0.0
1790979256688.0,4147.91,4148.46,0.5500000000001819,0.0
1790979256779.0,4147.92,4148.47,0.5500000000001819,0.0
1790979256943.0,4147.91,4148.47,0.5600000000004002,0.0
1790979257040.0,4147.92,4148.48,0.5599999999994907,0.0
1790979257661.0,4147.95,4148.5,0.5500000000001819,0.0
1790979257817.0,4147.92,4148.48,0.5599999999994907,0.0
1790979257888.0,4147.91,4148.47,0.5600000000004002,0.0
1790979258088.0,4147.94,4148.49,0.5500000000001819,0.0
1790979258589.0,4147.88,4148.43,0.5500000000001819,0.0
1790979258663.0,4147.87,4148.42,0.5500000000001819,0.0
1790979258818.0,4147.9,4148.45,0.5500000000001819,0.0
1790979259138.0,4147.8,4148.35,0.5500000000001819,0.0
1790979259237.0,4147.75,4148.31,0.5600000000004002,0.0
1790979259761.0,4147.74,4148.29,0.5500000000001819,0.0
1790979259989.0,4147.75,4148.31,0.5600000000004002,0.0
1790979260070.0,4147.76,4148.32,0.5599999999994907,0.0
1790979260289.0,4147.84,4148.39,0.5500000000001819,0.0
1790979260942.0,4147.9,4148.45,0.5500000000001819,0.0
1790979261291.0,4147.92,4148.47,0.5500000000001819,0.0
1790979261388.0,4147.85,4148.4,0.5499999999992724,0.0
1790979261487.0,4147.82,4148.37,0.5500000000001819,0.0
1790979261562.0,4147.8,4148.35,0.5500000000001819,0.0
1790979261638.0,4147.84,4148.39,0.5500000000001819,0.0
1790979261739.0,4147.97,4148.52,0.5500000000001819,0.0
1790979261839.0,4147.95,4148.51,0.5600000000004002,0.0
1790979261988.0,4147.86,4148.42,0.5600000000004002,0.0
1790979262089.0,4147.88,4148.43,0.5500000000001819,0.0
1790979262251.0,4147.86,4148.42,0.5600000000004002,0.0
1790979262714.0,4147.89,4148.44,0.5499999999992724,0.0
1790979263087.0,4147.88,4148.43,0.5500000000001819,0.0
1790979263192.0,4147.85,4148.41,0.5599999999994907,0.0
1790979263294.0,4147.92,4148.47,0.5500000000001819,0.0
1790979264088.0,4147.81,4148.36,0.5499999999992724,0.0
1790979264186.0,4147.74,4148.3,0.5600000000004002,0.0
1790979264265.0,4147.75,4148.31,0.5600000000004002,0.0
1790979264338.0,4147.79,4148.34,0.5500000000001819,0.0
1790979264440.0,4147.88,4148.43,0.5500000000001819,0.0
1790979264656.0,4147.85,4148.41,0.5599999999994907,0.0
1790979264888.0,4147.83,4148.38,0.5500000000001819,0.0
1790979265141.0,4147.82,4148.37,0.5500000000001819,0.0
1790979265402.0,4147.79,4148.34,0.5500000000001819,0.0
1790979265487.0,4147.8,4148.35,0.5500000000001819,0.0
1790979265638.0,4148.04,4148.59,0.5500000000001819,0.0
1790979265738.0,4148.15,4148.7,0.5500000000001819,0.0
1790979265839.0,4148.07,4148.63,0.5600000000004002,0.0
1790979265929.0,4148.04,4148.59,0.5500000000001819,0.0
1790979266369.0,4148.03,4148.58,0.5500000000001819,0.0
1790979266687.0,4148.04,4148.59,0.5500000000001819,0.0
1790979266845.0,4148.0,4148.55,0.5500000000001819,0.0
1790979267487.0,4147.9,4148.45,0.5500000000001819,0.0
1790979268039.0,4147.94,4148.49,0.5500000000001819,0.0
1790979268154.0,4147.94,4148.5,0.5600000000004002,0.0
1790979268280.0,4147.99,4148.54,0.5500000000001819,0.0
1790979268515.0,4148.01,4148.56,0.5500000000001819,0.0
1790979268890.0,4148.08,4148.64,0.5600000000004002,0.0
1790979269007.0,4148.08,4148.63,0.5500000000001819,0.0
1790979269138.0,4148.09,4148.64,0.5500000000001819,0.0
1790979269240.0,4148.08,4148.63,0.5500000000001819,0.0
1790979269338.0,4148.09,4148.65,0.5599999999994907,0.0
1790979269439.0,4147.96,4148.51,0.5500000000001819,0.0
1790979269538.0,4147.94,4148.49,0.5500000000001819,0.0
1790979269612.0,4147.93,4148.48,0.5499999999992724,0.0
1790979269738.0,4147.95,4148.5,0.5500000000001819,0.0
1790979270042.0,4147.96,4148.51,0.5500000000001819,0.0
1790979270340.0,4148.07,4148.62,0.5500000000001819,0.0
1790979270491.0,4148.04,4148.59,0.5500000000001819,0.0
1790979271344.0,4147.98,4148.54,0.5600000000004002,0.0
1790979271597.0,4147.95,4148.5,0.5500000000001819,0.0
1790979271698.0,4147.86,4148.42,0.5600000000004002,0.0
1790979271799.0,4147.87,4148.43,0.5600000000004002,0.0
1790979272437.0,4147.89,4148.45,0.5599999999994907,0.0
1790979272588.0,4147.9,4148.45,0.5500000000001819,0.0
1790979272689.0,4147.88,4148.43,0.5500000000001819,0.0
1790979272792.0,4147.91,4148.47,0.5600000000004002,0.0
1790979272941.0,4147.89,4148.45,0.5599999999994907,0.0
1790979273939.0,4147.77,4148.32,0.5499999999992724,0.0
1790979274044.0,4147.94,4148.49,0.5500000000001819,0.0
1790979274143.0,4147.97,4148.53,0.5599999999994907,0.0
1790979274240.0,4148.0,4148.55,0.5500000000001819,0.0
1790979274344.0,4148.1,4148.66,0.5599999999994907,0.0
1790979274440.0,4148.15,4148.7,0.5500000000001819,0.0
1790979274592.0,4148.17,4148.72,0.5500000000001819,0.0
1790979274699.0,4148.34,4148.89,0.5500000000001819,0.0
1790979274789.0,4148.48,4149.03,0.5500000000001819,0.0
1790979274891.0,4148.58,4149.13,0.5500000000001819,0.0
1790979275093.0,4148.52,4149.07,0.5499999999992724,0.0
1790979275538.0,4148.53,4149.08,0.5500000000001819,0.0
1790979275740.0,4148.52,4149.07,0.5499999999992724,0.0
1790979275841.0,4148.42,4148.98,0.5599999999994907,0.0
1790979275940.0,4148.49,4149.04,0.5500000000001819,0.0
1790979276293.0,4148.53,4149.08,0.5500000000001819,0.0
1790979276440.0,4148.55,4149.1,0.5500000000001819,0.0
1790979276537.0,4148.56,4149.11,0.5499999999992724,0.0
1790979276637.0,4148.66,4149.21,0.5500000000001819,0.0
1790979278190.0,4148.6,4149.15,0.5499999999992724,0.0
1790979278292.0,4148.45,4149.0,0.5500000000001819,0.0
1790979278385.0,4148.41,4148.97,0.5600000000004002,0.0
1790979278466.0,4148.43,4148.99,0.5599999999994907,0.0
1790979278543.0,4148.4,4148.95,0.5500000000001819,0.0
1790979278791.0,4148.32,4148.86,0.5399999999999636,0.0
1790979278889.0,4148.29,4148.85,0.5600000000004002,0.0
1790979278976.0,4148.3,4148.86,0.5599999999994907,0.0
1790979279090.0,4148.32,4148.88,0.5600000000004002,0.0
1790979279538.0,4148.4,4148.95,0.5500000000001819,0.0
1790979279638.0,4148.46,4149.01,0.5500000000001819,0.0
1790979279709.0,4148.44,4148.99,0.5500000000001819,0.0
1790979279790.0,4148.37,4148.92,0.5500000000001819,0.0
1790979280339.0,4148.6,4149.15,0.5499999999992724,0.0
1790979280438.0,4148.88,4149.43,0.5500000000001819,0.0
1790979280538.0,4148.82,4149.38,0.5600000000004002,0.0
1790979280648.0,4148.85,4149.4,0.5499999999992724,0.0
1790979281143.0,4148.86,4149.42,0.5600000000004002,0.0
1790979281789.0,4148.82,4149.37,0.5500000000001819,0.0
1790979282067.0,4148.81,4149.36,0.5499999999992724,0.0
1790979282142.0,4148.8,4149.35,0.5500000000001819,0.0
1790979282238.0,4148.81,4149.36,0.5499999999992724,0.0
1790979282347.0,4148.82,4149.37,0.5500000000001819,0.0
1790979282439.0,4148.94,4149.49,0.5500000000001819,0.0
1790979282539.0,4148.92,4149.48,0.5599999999994907,0.0
1790979282699.0,4149.06,4149.61,0.5499999999992724,0.0
1790979282840.0,4149.04,4149.6,0.5600000000004002,0.0
1790979283038.0,4148.7,4149.26,0.5600000000004002,0.0
1790979283109.0,4148.74,4149.3,0.5600000000004002,0.0
1790979283181.0,4148.87,4149.42,0.5500000000001819,0.0
1790979283490.0,4148.93,4149.48,0.5499999999992724,0.0
1790979283568.0,4148.98,4149.53,0.5500000000001819,0.0
1790979283654.0,4148.93,4149.48,0.5499999999992724,0.0
1790979283740.0,4148.99,4149.54,0.5500000000001819,0.0
1790979284148.0,4148.93,4149.48,0.5499999999992724,0.0
1790979284239.0,4148.9,4149.45,0.5500000000001819,0.0
1790979284349.0,4148.88,4149.43,0.5500000000001819,0.0
1790979284439.0,4148.86,4149.41,0.5500000000001819,0.0
1790979284534.0,4148.88,4149.43,0.5500000000001819,0.0
1790979284607.0,4148.9,4149.45,0.5500000000001819,0.0
1790979284685.0,4148.96,4149.51,0.5500000000001819,0.0
1790979284790.0,4149.0,4149.55,0.5500000000001819,0.0
1790979285288.0,4148.97,4149.52,0.5500000000001819,0.0
1790979285389.0,4148.98,4149.53,0.5500000000001819,0.0
1790979285587.0,4148.99,4149.54,0.5500000000001819,0.0
1790979285745.0,4148.94,4149.49,0.5500000000001819,0.0
1790979286169.0,4148.93,4149.49,0.5599999999994907,0.0
1790979286750.0,4148.92,4149.47,0.5500000000001819,0.0
1790979286838.0,4148.83,4149.38,0.5500000000001819,0.0
1790979286938.0,4148.82,4149.38,0.5600000000004002,0.0
1790979287024.0,4148.84,4149.4,0.5599999999994907,0.0
1790979287288.0,4148.84,4149.39,0.5500000000001819,0.0
1790979287939.0,4148.87,4149.42,0.5500000000001819,0.0
1790979288191.0,4148.92,4149.47,0.5500000000001819,0.0
1790979288414.0,4148.87,4149.42,0.5500000000001819,0.0
1790979288944.0,4148.85,4149.4,0.5499999999992724,0.0
1790979289991.0,4148.83,4149.38,0.5500000000001819,0.0
1790979292641.0,4148.84,4149.39,0.5500000000001819,0.0
1790979292739.0,4148.83,4149.38,0.5500000000001819,0.0
1790979292987.0,4148.82,4149.37,0.5500000000001819,0.0
1790979293147.0,4148.77,4149.33,0.5599999999994907,0.0
1790979293455.0,4148.8,4149.35,0.5500000000001819,0.0
1790979293857.0,4148.79,4149.34,0.5500000000001819,0.0
1790979293944.0,4148.52,4149.07,0.5499999999992724,0.0
1790979294039.0,4148.4,4148.96,0.5600000000004002,0.0
1790979294112.0,4148.45,4149.0,0.5500000000001819,0.0
1790979294192.0,4148.53,4149.08,0.5500000000001819,0.0
1790979294292.0,4148.55,4149.1,0.5500000000001819,0.0
1790979294384.0,4148.52,4149.08,0.5599999999994907,0.0
1790979294592.0,4148.55,4149.1,0.5500000000001819,0.0
1790979294688.0,4148.52,4149.08,0.5599999999994907,0.0
1790979294763.0,4148.55,4149.1,0.5500000000001819,0.0
1790979294990.0,4148.45,4149.0,0.5500000000001819,0.0
1790979295097.0,4148.48,4149.03,0.5500000000001819,0.0
1790979295246.0,4148.51,4149.06,0.5500000000001819,0.0
1790979295343.0,4148.46,4149.01,0.5500000000001819,0.0
1790979295451.0,4148.51,4149.07,0.5599999999994907,0.0
1790979295546.0,4148.52,4149.07,0.5499999999992724,0.0
1790979295642.0,4148.52,4149.08,0.5599999999994907,0.0
1790979295743.0,4148.54,4149.1,0.5600000000004002,0.0
1790979295840.0,4148.53,4149.09,0.5600000000004002,0.0
1790979295942.0,4148.52,4149.08,0.5599999999994907,0.0
1790979296283.0,4148.53,4149.09,0.5600000000004002,0.0
1790979296389.0,4148.5,4149.06,0.5600000000004002,0.0
1790979296490.0,4148.42,4148.98,0.5599999999994907,0.0
1790979296640.0,4148.41,4148.96,0.5500000000001819,0.0
1790979296741.0,4148.38,4148.93,0.5500000000001819,0.0
1790979296938.0,4148.37,4148.92,0.5500000000001819,0.0
1790979297038.0,4148.3,4148.86,0.5599999999994907,0.0
1790979297146.0,4148.56,4149.11,0.5499999999992724,0.0
1790979297243.0,4148.57,4149.12,0.5500000000001819,0.0
1790979297340.0,4148.58,4149.13,0.5500000000001819,0.0
1790979297439.0,4148.68,4149.23,0.5499999999992724,0.0
1790979297538.0,4148.67,4149.22,0.5500000000001819,0.0
1790979297613.0,4148.69,4149.24,0.5500000000001819,0.0
1790979297714.0,4148.7,4149.25,0.5500000000001819,0.0
1790979297794.0,4148.68,4149.23,0.5499999999992724,0.0
1790979297939.0,4148.65,4149.2,0.5500000000001819,0.0
1790979298045.0,4148.64,4149.2,0.5599999999994907,0.0
1790979298145.0,4148.65,4149.2,0.5500000000001819,0.0
1790979298263.0,4148.64,4149.19,0.5499999999992724,0.0
1790979298690.0,4148.63,4149.18,0.5500000000001819,0.0
1790979298790.0,4148.63,4149.19,0.5599999999994907,0.0
1790979298891.0,4148.71,4149.26,0.5500000000001819,0.0
1790979298993.0,4148.69,4149.24,0.5500000000001819,0.0
1790979299150.0,4148.55,4149.11,0.5599999999994907,0.0
1790979299241.0,4148.67,4149.22,0.5500000000001819,0.0
1790979299339.0,4148.65,4149.21,0.5600000000004002,0.0
1790979299440.0,4148.63,4149.19,0.5599999999994907,0.0
1790979299549.0,4148.7,4149.25,0.5500000000001819,0.0
1790979299687.0,4148.67,4149.23,0.5599999999994907,0.0
1790979299853.0,4148.64,4149.19,0.5499999999992724,0.0
1790979299945.0,4148.67,4149.23,0.5599999999994907,0.0
1790979300040.0,4148.8,4149.35,0.5500000000001819,0.0
1790979300143.0,4148.77,4149.32,0.5499999999992724,0.0
1790979300342.0,4148.64,4149.2,0.5599999999994907,0.0
1790979300438.0,4148.66,4149.21,0.5500000000001819,0.0
1790979300768.0,4148.65,4149.2,0.5500000000001819,0.0
1790979300842.0,4148.5,4149.05,0.5500000000001819,0.0
1790979301042.0,4148.64,4149.2,0.5599999999994907,0.0
1790979301242.0,4148.58,4149.13,0.5500000000001819,0.0
1790979301599.0,4148.54,4149.1,0.5600000000004002,0.0
1790979301789.0,4148.55,4149.1,0.5500000000001819,0.0
1790979301989.0,4148.61,4149.16,0.5500000000001819,0.0
1790979302094.0,4148.67,4149.22,0.5500000000001819,0.0
1790979302191.0,4148.78,4149.33,0.5500000000001819,0.0
1790979302465.0,4148.76,4149.31,0.5500000000001819,0.0
1790979303096.0,4148.67,4149.22,0.5500000000001819,0.0
1790979303190.0,4148.68,4149.23,0.5499999999992724,0.0
1790979303290.0,4148.68,4149.24,0.5599999999994907,0.0
1790979303790.0,4148.54,4149.09,0.5500000000001819,0.0
1790979303889.0,4148.51,4149.06,0.5500000000001819,0.0
1790979303989.0,4148.56,4149.12,0.5599999999994907,0.0
1790979304200.0,4148.54,4149.09,0.5500000000001819,0.0
1790979304289.0,4148.55,4149.1,0.5500000000001819,0.0
1790979304391.0,4148.47,4149.03,0.5599999999994907,0.0
1790979304540.0,4148.54,4149.09,0.5500000000001819,0.0
1790979304638.0,4148.58,4149.13,0.5500000000001819,0.0
1790979304754.0,4148.56,4149.12,0.5599999999994907,0.0
1790979305791.0,4148.58,4149.13,0.5500000000001819,0.0
1790979305900.0,4148.51,4149.07,0.5599999999994907,0.0
1790979306000.0,4148.55,4149.11,0.5599999999994907,0.0
1790979306194.0,4148.5,4149.05,0.5500000000001819,0.0
1790979306305.0,4148.48,4149.03,0.5500000000001819,0.0
1790979306388.0,4148.51,4149.06,0.5500000000001819,0.0
1790979306488.0,4148.5,4149.05,0.5500000000001819,0.0
1790979306561.0,4148.49,4149.04,0.5500000000001819,0.0
1790979306740.0,4148.48,4149.03,0.5500000000001819,0.0
1790979306823.0,4148.45,4149.0,0.5500000000001819,0.0
1790979306989.0,4148.46,4149.01,0.5500000000001819,0.0
1790979307090.0,4148.53,4149.08,0.5500000000001819,0.0
1790979307167.0,4148.55,4149.1,0.5500000000001819,0.0
1790979307289.0,4148.52,4149.08,0.5599999999994907,0.0
1790979307388.0,4148.46,4149.02,0.5600000000004002,0.0
1790979307487.0,4148.35,4148.9,0.5499999999992724,0.0
1790979307589.0,4148.32,4148.87,0.5500000000001819,0.0
1790979307683.0,4148.35,4148.9,0.5499999999992724,0.0
1790979308892.0,4148.36,4148.92,0.5600000000004002,0.0
1790979308992.0,4148.3,4148.85,0.5500000000001819,0.0
1790979309190.0,4148.32,4148.87,0.5500000000001819,0.0
1790979309284.0,4148.3,4148.85,0.5500000000001819,0.0
1790979309389.0,4148.31,4148.86,0.5499999999992724,0.0
1790979309787.0,4148.28,4148.84,0.5600000000004002,0.0
1790979309888.0,4148.31,4148.87,0.5599999999994907,0.0
1790979310127.0,4148.36,4148.91,0.5500000000001819,0.0
1790979310277.0,4148.35,4148.9,0.5499999999992724,0.0
1790979310387.0,4148.33,4148.88,0.5500000000001819,0.0
1790979310591.0,4148.3,4148.86,0.5599999999994907,0.0
1790979310691.0,4148.27,4148.82,0.5499999999992724,0.0
1790979310991.0,4148.15,4148.7,0.5500000000001819,0.0
1790979311190.0,4148.19,4148.75,0.5600000000004002,0.0
1790979311292.0,4148.3,4148.85,0.5500000000001819,0.0
1790979311439.0,4148.33,4148.88,0.5500000000001819,0.0
1790979311688.0,4148.3,4148.85,0.5500000000001819,0.0
1790979311988.0,4148.37,4148.92,0.5500000000001819,0.0
1790979312066.0,4148.32,4148.87,0.5500000000001819,0.0
1790979312402.0,4148.41,4148.96,0.5500000000001819,0.0
1790979312498.0,4148.41,4148.97,0.5600000000004002,0.0
1790979312987.0,4148.41,4148.96,0.5500000000001819,0.0
1790979313189.0,4148.52,4149.07,0.5499999999992724,0.0
1790979313287.0,4148.5,4149.05,0.5500000000001819,0.0
1790979313547.0,4148.49,4149.04,0.5500000000001819,0.0
1790979313639.0,4148.44,4148.99,0.5500000000001819,0.0
1790979313709.0,4148.45,4149.01,0.5600000000004002,0.0
1790979314206.0,4148.44,4149.0,0.5600000000004002,0.0
1790979314388.0,4148.62,4149.17,0.5500000000001819,0.0
1790979314488.0,4148.58,4149.13,0.5500000000001819,0.0
1790979315149.0,4148.62,4149.17,0.5500000000001819,0.0
1790979315238.0,4148.59,4149.14,0.5500000000001819,0.0
1790979315545.0,4148.6,4149.16,0.5599999999994907,0.0
1790979315647.0,4148.6,4149.15,0.5499999999992724,0.0
1790979316192.0,4148.6,4149.16,0.5599999999994907,0.0
1790979316287.0,4148.57,4149.12,0.5500000000001819,0.0
1790979316540.0,4148.43,4148.99,0.5599999999994907,0.0
1790979316639.0,4148.47,4149.02,0.5500000000001819,0.0
1790979316740.0,4148.44,4149.0,0.5600000000004002,0.0
1790979316839.0,4148.39,4148.94,0.5499999999992724,0.0
1790979316942.0,4148.27,4148.82,0.5499999999992724,0.0
1790979317044.0,4148.58,4149.13,0.5500000000001819,0.0
1790979317139.0,4148.65,4149.2,0.5500000000001819,0.0
1790979317263.0,4148.7,4149.25,0.5500000000001819,0.0
1790979317338.0,4148.68,4149.23,0.5499999999992724,0.0
1790979317962.0,4148.66,4149.21,0.5500000000001819,0.0
1790979318039.0,4148.64,4149.19,0.5499999999992724,0.0
1790979318187.0,4148.59,4149.14,0.5500000000001819,0.0
1790979318291.0,4148.61,4149.17,0.5600000000004002,0.0
1790979318500.0,4148.64,4149.19,0.5499999999992724,0.0
1790979318600.0,4148.6,4149.15,0.5499999999992724,0.0
1790979318722.0,4148.68,4149.23,0.5499999999992724,0.0
1790979318825.0,4148.67,4149.22,0.5500000000001819,0.0
1790979318948.0,4148.66,4149.21,0.5500000000001819,0.0
1790979320088.0,4148.67,4149.22,0.5500000000001819,0.0
1790979320193.0,4148.57,4149.12,0.5500000000001819,0.0
1790979320296.0,4148.59,4149.14,0.5500000000001819,0.0
1790979320538.0,4148.66,4149.21,0.5500000000001819,0.0
1790979323546.0,4148.56,4149.11,0.5499999999992724,0.0
1790979323740.0,4148.57,4149.12,0.5500000000001819,0.0
1790979324037.0,4148.61,4149.17,0.5600000000004002,0.0
1790979324144.0,4148.52,4149.07,0.5499999999992724,0.0
1790979324492.0,4148.51,4149.06,0.5500000000001819,0.0
1790979324590.0,4148.55,4149.1,0.5500000000001819,0.0
1790979324676.0,4148.6,4149.15,0.5499999999992724,0.0
1790979325346.0,4148.45,4149.0,0.5500000000001819,0.0
1790979325442.0,4148.41,4148.96,0.5500000000001819,0.0
1790979325541.0,4148.39,4148.94,0.5499999999992724,0.0
1790979325641.0,4148.4,4148.95,0.5500000000001819,0.0
1790979325743.0,4148.2,4148.76,0.5600000000004002,0.0
1790979325892.0,4148.22,4148.78,0.5599999999994907,0.0
1790979325987.0,4148.17,4148.72,0.5500000000001819,0.0
1790979326094.0,4148.19,4148.75,0.5600000000004002,0.0
1790979326192.0,4148.21,4148.76,0.5500000000001819,0.0
1790979326293.0,4148.3,4148.85,0.5500000000001819,0.0
1790979326388.0,4148.39,4148.94,0.5499999999992724,0.0
1790979326594.0,4148.32,4148.87,0.5500000000001819,0.0
1790979326739.0,4148.34,4148.89,0.5500000000001819,0.0
1790979327039.0,4148.41,4148.96,0.5500000000001819,0.0
1790979327142.0,4148.35,4148.9,0.5499999999992724,0.0
1790979327239.0,4148.36,4148.91,0.5500000000001819,0.0
1790979327338.0,4148.33,4148.88,0.5500000000001819,0.0
1790979327438.0,4148.23,4148.78,0.5500000000001819,0.0
1790979327537.0,4148.29,4148.84,0.5500000000001819,0.0
1790979327819.0,4148.32,4148.87,0.5500000000001819,0.0
1790979327938.0,4148.31,4148.86,0.5499999999992724,0.0
1790979328090.0,4148.34,4148.89,0.5500000000001819,0.0
1790979328189.0,4148.16,4148.72,0.5600000000004002,0.0
1790979328290.0,4148.14,4148.69,0.5499999999992724,0.0
1790979328392.0,4148.16,4148.71,0.5500000000001819,0.0
1790979328495.0,4148.27,4148.82,0.5499999999992724,0.0
1790979328644.0,4148.23,4148.78,0.5500000000001819,0.0
1790979328740.0,4148.23,4148.79,0.5600000000004002,0.0
1790979328942.0,4148.27,4148.82,0.5499999999992724,0.0
1790979329044.0,4148.2,4148.76,0.5600000000004002,0.0
1790979329139.0,4148.26,4148.81,0.5500000000001819,0.0
1790979329293.0,4148.22,4148.78,0.5599999999994907,0.0
1790979329893.0,4148.39,4148.93,0.5399999999999636,0.0
1790979329992.0,4148.57,4149.12,0.5500000000001819,0.0
1790979330070.0,4148.5,4149.05,0.5500000000001819,0.0
1790979330194.0,4148.48,4149.04,0.5600000000004002,0.0
1790979330290.0,4148.49,4149.04,0.5500000000001819,0.0
1790979330390.0,4148.48,4149.03,0.5500000000001819,0.0
1790979330478.0,4148.47,4149.02,0.5500000000001819,0.0
1790979330640.0,4148.43,4148.98,0.5499999999992724,0.0
1790979330715.0,4148.45,4149.0,0.5500000000001819,0.0
1790979330790.0,4148.47,4149.02,0.5500000000001819,0.0
1790979330889.0,4148.46,4149.01,0.5500000000001819,0.0
1790979331190.0,4148.52,4149.07,0.5499999999992724,0.0
1790979331295.0,4148.73,4149.28,0.5500000000001819,0.0
1790979331391.0,4148.77,4149.32,0.5499999999992724,0.0
1790979331539.0,4148.74,4149.29,0.5500000000001819,0.0
1790979331642.0,4148.76,4149.31,0.5500000000001819,0.0
1790979332038.0,4148.78,4149.33,0.5500000000001819,0.0
1790979332455.0,4148.76,4149.31,0.5500000000001819,0.0
1790979332539.0,4148.75,4149.3,0.5500000000001819,0.0
1790979332638.0,4148.7,4149.25,0.5500000000001819,0.0
1790979332739.0,4148.72,4149.27,0.5500000000001819,0.0
1790979333389.0,4148.68,4149.23,0.5499999999992724,0.0
1790979333489.0,4148.71,4149.26,0.5500000000001819,0.0
1790979333590.0,4148.66,4149.21,0.5500000000001819,0.0
1790979333815.0,4148.64,4149.19,0.5499999999992724,0.0
1790979333939.0,4148.6,4149.15,0.5499999999992724,0.0
1790979334295.0,4148.45,4149.0,0.5500000000001819,0.0
1790979334442.0,4148.46,4149.01,0.5500000000001819,0.0
1790979334538.0,4148.45,4149.0,0.5500000000001819,0.0
1790979334638.0,4148.44,4148.99,0.5500000000001819,0.0
1790979334740.0,4148.42,4148.97,0.5500000000001819,0.0
1790979334939.0,4148.45,4149.0,0.5500000000001819,0.0
1790979335191.0,4148.47,4149.02,0.5500000000001819,0.0
1790979335288.0,4148.56,4149.11,0.5499999999992724,0.0
1790979335845.0,4148.55,4149.1,0.5500000000001819,0.0
1790979335942.0,4148.57,4149.12,0.5500000000001819,0.0
1790979336036.0,4148.55,4149.1,0.5500000000001819,0.0
1790979336141.0,4148.35,4148.9,0.5499999999992724,0.0
1790979336250.0,4148.37,4148.92,0.5500000000001819,0.0
1790979336393.0,4148.44,4148.99,0.5500000000001819,0.0
1790979336494.0,4148.39,4148.95,0.5599999999994907,0.0
1790979336591.0,4148.36,4148.91,0.5500000000001819,0.0
1790979337139.0,4148.47,4149.02,0.5500000000001819,0.0
1790979337226.0,4148.49,4149.04,0.5500000000001819,0.0
1790979337389.0,4148.46,4149.01,0.5500000000001819,0.0
1790979338093.0,4148.35,4148.9,0.5499999999992724,0.0
1790979338194.0,4148.3,4148.85,0.5500000000001819,0.0
1790979338393.0,4148.33,4148.88,0.5500000000001819,0.0
1790979338590.0,4148.31,4148.86,0.5499999999992724,0.0
1790979339181.0,4148.32,4148.87,0.5500000000001819,0.0
1790979339991.0,4148.3,4148.85,0.5500000000001819,0.0
1790979340090.0,4148.28,4148.83,0.5500000000001819,0.0
1790979340187.0,4148.29,4148.84,0.5500000000001819,0.0
1790979340339.0,4148.33,4148.88,0.5500000000001819,0.0
1790979340443.0,4148.29,4148.84,0.5500000000001819,0.0
1790979340542.0,4148.26,4148.82,0.5599999999994907,0.0
1790979340739.0,4148.29,4148.84,0.5500000000001819,0.0
1790979340889.0,4148.26,4148.82,0.5599999999994907,0.0
1790979341089.0,4148.29,4148.84,0.5500000000001819,0.0
1790979341242.0,4148.26,4148.82,0.5599999999994907,0.0
1790979341345.0,4148.33,4148.88,0.5500000000001819,0.0
1790979341799.0,4148.32,4148.87,0.5500000000001819,0.0
1790979341888.0,4148.28,4148.84,0.5600000000004002,0.0
1790979341989.0,4148.32,4148.87,0.5500000000001819,0.0
1790979342080.0,4148.31,4148.86,0.5499999999992724,0.0
1790979342182.0,4148.27,4148.83,0.5599999999994907,0.0
1790979342346.0,4148.31,4148.86,0.5499999999992724,0.0
1790979342489.0,4148.27,4148.83,0.5599999999994907,0.0
1790979342560.0,4148.31,4148.86,0.5499999999992724,0.0
1790979342682.0,4148.27,4148.83,0.5599999999994907,0.0
1790979342765.0,4148.29,4148.84,0.5500000000001819,0.0
1790979343041.0,4147.9,4148.45,0.5500000000001819,0.0
1790979343139.0,4147.97,4148.52,0.5500000000001819,0.0
1790979343224.0,4147.93,4148.48,0.5499999999992724,0.0
1790979343739.0,4148.01,4148.56,0.5500000000001819,0.0
1790979343889.0,4147.99,4148.54,0.5500000000001819,0.0
1790979343977.0,4148.01,4148.56,0.5500000000001819,0.0
1790979344492.0,4148.22,4148.77,0.5500000000001819,0.0
1790979344587.0,4148.19,4148.74,0.5500000000001819,0.0
1790979344687.0,4148.15,4148.7,0.5500000000001819,0.0
1790979344989.0,4147.99,4148.54,0.5500000000001819,0.0
1790979345089.0,4148.06,4148.61,0.5499999999992724,0.0
1790979345189.0,4147.9,4148.45,0.5500000000001819,0.0
1790979345289.0,4147.91,4148.46,0.5500000000001819,0.0
1790979345391.0,4147.95,4148.5,0.5500000000001819,0.0
1790979345493.0,4147.97,4148.52,0.5500000000001819,0.0
1790979346161.0,4147.99,4148.54,0.5500000000001819,0.0
1790979346488.0,4147.86,4148.41,0.5500000000001819,0.0
1790979346590.0,4147.92,4148.47,0.5500000000001819,0.0
1790979346667.0,4147.97,4148.52,0.5500000000001819,0.0
1790979347488.0,4147.99,4148.54,0.5500000000001819,0.0
1790979347587.0,4147.88,4148.43,0.5500000000001819,0.0
1790979347838.0,4147.9,4148.45,0.5500000000001819,0.0
1790979347927.0,4147.89,4148.44,0.5499999999992724,0.0
1790979348043.0,4147.97,4148.52,0.5500000000001819,0.0
1790979348413.0,4147.95,4148.5,0.5500000000001819,0.0
1790979348513.0,4147.88,4148.43,0.5500000000001819,0.0
1790979349438.0,4147.94,4148.49,0.5500000000001819,0.0
1790979349523.0,4147.9,4148.46,0.5600000000004002,0.0
1790979349738.0,4147.89,4148.44,0.5499999999992724,0.0
1790979349988.0,4147.94,4148.49,0.5500000000001819,0.0
1790979350091.0,4148.14,4148.69,0.5499999999992724,0.0
1790979350589.0,4148.24,4148.79,0.5500000000001819,0.0
1790979350689.0,4148.16,4148.71,0.5500000000001819,0.0
1790979350789.0,4148.1,4148.65,0.5499999999992724,0.0
1790979354438.0,4147.97,4148.52,0.5500000000001819,0.0
1790979354539.0,4148.08,4148.63,0.5500000000001819,0.0
1790979355987.0,4148.03,4148.58,0.5500000000001819,0.0
1790979356088.0,4148.05,4148.6,0.5500000000001819,0.0
1790979356170.0,4148.08,4148.63,0.5500000000001819,0.0
1790979356247.0,4147.97,4148.52,0.5500000000001819,0.0
1790979356343.0,4147.86,4148.41,0.5500000000001819,0.0
1790979356441.0,4147.87,4148.42,0.5500000000001819,0.0
1790979356990.0,4147.9,4148.46,0.5600000000004002,0.0
1790979357089.0,4147.86,4148.41,0.5500000000001819,0.0
1790979357189.0,4147.97,4148.52,0.5500000000001819,0.0
1790979357289.0,4148.23,4148.78,0.5500000000001819,0.0
1790979357393.0,4148.34,4148.89,0.5500000000001819,0.0
1790979357642.0,4148.36,4148.91,0.5500000000001819,0.0
1790979357740.0,4148.17,4148.72,0.5500000000001819,0.0
1790979357839.0,4148.14,4148.69,0.5499999999992724,0.0
1790979357952.0,4148.16,4148.71,0.5500000000001819,0.0
1790979358188.0,4148.11,4148.66,0.5500000000001819,0.0
1790979358368.0,4148.09,4148.64,0.5500000000001819,0.0
1790979358468.0,4148.01,4148.56,0.5500000000001819,0.0
1790979358573.0,4147.97,4148.52,0.5500000000001819,0.0
1790979358688.0,4147.87,4148.42,0.5500000000001819,0.0
1790979359912.0,4147.86,4148.41,0.5500000000001819,0.0
1790979359988.0,4147.89,4148.45,0.5599999999994907,0.0
1790979360089.0,4147.83,4148.38,0.5500000000001819,0.0
1790979360188.0,4147.76,4148.31,0.5500000000001819,0.0
1790979360288.0,4147.78,4148.33,0.5500000000001819,0.0
1790979360387.0,4147.68,4148.23,0.5499999999992724,0.0
1790979360489.0,4147.35,4147.9,0.5499999999992724,0.0
1790979360584.0,4147.39,4147.94,0.5499999999992724,0.0
1790979360708.0,4147.43,4147.98,0.5499999999992724,0.0
1790979360787.0,4147.41,4147.96,0.5500000000001819,0.0
1790979360888.0,4147.39,4147.94,0.5499999999992724,0.0
1790979360987.0,4147.37,4147.92,0.5500000000001819,0.0
1790979361063.0,4147.4,4147.95,0.5500000000001819,0.0
1790979361341.0,4147.36,4147.91,0.5500000000001819,0.0
1790979361442.0,4147.39,4147.94,0.5499999999992724,0.0
1790979361588.0,4147.44,4148.0,0.5600000000004002,0.0
1790979361694.0,4147.39,4147.94,0.5499999999992724,0.0
1790979362442.0,4147.34,4147.89,0.5500000000001819,0.0
1790979362542.0,4147.4,4147.95,0.5500000000001819,0.0
1790979363237.0,4147.32,4147.87,0.5500000000001819,0.0
1790979363337.0,4147.31,4147.86,0.5499999999992724,0.0
1790979363438.0,4147.3,4147.85,0.5500000000001819,0.0
1790979363539.0,4147.29,4147.84,0.5500000000001819,0.0
1790979363639.0,4147.09,4147.64,0.5500000000001819,0.0
1790979363738.0,4146.93,4147.48,0.5499999999992724,0.0
1790979363887.0,4146.92,4147.47,0.5500000000001819,0.0
1790979363959.0,4146.8,4147.35,0.5500000000001819,0.0
1790979364041.0,4146.86,4147.41,0.5500000000001819,0.0
1790979364195.0,4146.91,4147.47,0.5600000000004002,0.0
1790979364367.0,4146.89,4147.44,0.5499999999992724,0.0
1790979364539.0,4146.62,4147.16,0.5399999999999636,0.0
1790979364640.0,4146.47,4147.02,0.5500000000001819,0.0
1790979364739.0,4146.52,4147.07,0.5499999999992724,0.0
1790979364887.0,4146.56,4147.11,0.5499999999992724,0.0
1790979364986.0,4146.36,4146.91,0.5500000000001819,0.0
1790979365087.0,4146.37,4146.92,0.5500000000001819,0.0
1790979365180.0,4146.39,4146.94,0.5499999999992724,0.0
1790979365288.0,4146.24,4146.79,0.5500000000001819,0.0
1790979365388.0,4146.45,4147.0,0.5500000000001819,0.0
1790979365489.0,4146.39,4146.94,0.5499999999992724,0.0
1790979365588.0,4146.33,4146.88,0.5500000000001819,0.0
1790979365688.0,4146.29,4146.84,0.5500000000001819,0.0
1790979365788.0,4146.24,4146.79,0.5500000000001819,0.0
1790979365862.0,4146.26,4146.81,0.5500000000001819,0.0
1790979365990.0,4146.3,4146.85,0.5500000000001819,0.0
1790979366089.0,4146.25,4146.8,0.5500000000001819,0.0
1790979366189.0,4146.27,4146.82,0.5499999999992724,0.0
1790979366491.0,4146.13,4146.68,0.5500000000001819,0.0
1790979366588.0,4146.09,4146.64,0.5500000000001819,0.0
1790979366838.0,4146.15,4146.71,0.5600000000004002,0.0
1790979366939.0,4146.1,4146.65,0.5499999999992724,0.0
1790979367037.0,4146.14,4146.7,0.5599999999994907,0.0
1790979367138.0,4146.08,4146.63,0.5500000000001819,0.0
1790979367337.0,4146.07,4146.62,0.5500000000001819,0.0
1790979367424.0,4146.02,4146.58,0.5599999999994907,0.0
1790979367542.0,4145.98,4146.53,0.5500000000001819,0.0
1790979368044.0,4145.87,4146.42,0.5500000000001819,0.0
1790979368190.0,4145.93,4146.49,0.5599999999994907,0.0
1790979368299.0,4145.93,4146.48,0.5499999999992724,0.0
1790979368489.0,4145.97,4146.52,0.5500000000001819,0.0
1790979368562.0,4145.93,4146.48,0.5499999999992724,0.0
1790979368739.0,4145.95,4146.51,0.5600000000004002,0.0
1790979368938.0,4145.99,4146.55,0.5600000000004002,0.0
1790979369022.0,4145.97,4146.52,0.5500000000001819,0.0
1790979369142.0,4145.98,4146.54,0.5600000000004002,0.0
1790979369242.0,4146.02,4146.57,0.5499999999992724,0.0
1790979369387.0,4145.99,4146.55,0.5600000000004002,0.0
1790979369688.0,4146.02,4146.58,0.5599999999994907,0.0
1790979369761.0,4146.03,4146.59,0.5600000000004002,0.0
1790979370338.0,4146.04,4146.6,0.5600000000004002,0.0
1790979370439.0,4145.99,4146.55,0.5600000000004002,0.0
1790979370542.0,4145.85,4146.4,0.5499999999992724,0.0
1790979370638.0,4145.84,4146.39,0.5500000000001819,0.0
1790979370839.0,4145.87,4146.43,0.5600000000004002,0.0
1790979371039.0,4145.48,4146.03,0.5500000000001819,0.0
1790979371187.0,4145.5,4146.05,0.5500000000001819,0.0
1790979371339.0,4145.45,4146.0,0.5500000000001819,0.0
1790979371427.0,4145.38,4145.93,0.5500000000001819,0.0
1790979371547.0,4145.7,4146.25,0.5500000000001819,0.0
1790979371638.0,4145.62,4146.17,0.5500000000001819,0.0
1790979371791.0,4145.66,4146.22,0.5600000000004002,0.0
1790979371890.0,4145.67,4146.23,0.5599999999994907,0.0
1790979371988.0,4145.59,4146.14,0.5500000000001819,0.0
1790979372088.0,4145.55,4146.11,0.5599999999994907,0.0
1790979372195.0,4145.53,4146.09,0.5600000000004002,0.0
1790979372295.0,4145.53,4146.08,0.5500000000001819,0.0
1790979372538.0,4145.47,4146.03,0.5599999999994907,0.0
1790979372638.0,4145.45,4146.0,0.5500000000001819,0.0
1790979372739.0,4145.42,4145.98,0.5599999999994907,0.0
1790979372838.0,4145.44,4146.0,0.5600000000004002,0.0
1790979372936.0,4145.44,4145.99,0.5500000000001819,0.0
1790979373041.0,4145.55,4146.1,0.5500000000001819,0.0
1790979373138.0,4145.45,4146.0,0.5500000000001819,0.0
1790979373242.0,4145.49,4146.04,0.5500000000001819,0.0
1790979373404.0,4145.45,4146.0,0.5500000000001819,0.0
1790979373789.0,4145.43,4145.98,0.5499999999992724,0.0
1790979373889.0,4145.48,4146.03,0.5500000000001819,0.0
1790979373982.0,4145.46,4146.01,0.5500000000001819,0.0
1790979374593.0,4145.38,4145.93,0.5500000000001819,0.0
1790979374688.0,4145.39,4145.94,0.5499999999992724,0.0
1790979374791.0,4145.33,4145.89,0.5600000000004002,0.0
1790979374892.0,4145.3,4145.85,0.5500000000001819,0.0
1790979374965.0,4145.36,4145.91,0.5500000000001819,0.0
1790979375038.0,4145.38,4145.93,0.5500000000001819,0.0
1790979375115.0,4145.37,4145.92,0.5500000000001819,0.0
1790979375239.0,4145.34,4145.89,0.5500000000001819,0.0
1790979375339.0,4145.54,4146.09,0.5500000000001819,0.0
1790979375437.0,4145.66,4146.21,0.5500000000001819,0.0
1790979375539.0,4145.6,4146.15,0.5499999999992724,0.0
1790979375788.0,4145.64,4146.19,0.5499999999992724,0.0
1790979376040.0,4145.55,4146.1,0.5500000000001819,0.0
1790979376137.0,4145.47,4146.02,0.5500000000001819,0.0
1790979376538.0,4145.49,4146.04,0.5500000000001819,0.0
1790979376991.0,4145.69,4146.24,0.5500000000001819,0.0
1790979377086.0,4145.66,4146.21,0.5500000000001819,0.0
1790979377189.0,4145.65,4146.2,0.5500000000001819,0.0
1790979377341.0,4145.6,4146.15,0.5499999999992724,0.0
1790979378838.0,4145.65,4146.2,0.5500000000001819,0.0
1790979378911.0,4145.8,4146.35,0.5500000000001819,0.0
1790979379088.0,4145.77,4146.32,0.5499999999992724,0.0
1790979379511.0,4145.79,4146.34,0.5500000000001819,0.0
1790979379589.0,4145.71,4146.26,0.5500000000001819,0.0
1790979379840.0,4145.69,4146.24,0.5500000000001819,0.0
1790979379928.0,4145.7,4146.25,0.5500000000001819,0.0
1790979380038.0,4145.78,4146.33,0.5500000000001819,0.0
1790979380138.0,4145.77,4146.32,0.5499999999992724,0.0
1790979380239.0,4145.75,4146.3,0.5500000000001819,0.0
1790979380338.0,4145.89,4146.44,0.5499999999992724,0.0
1790979380438.0,4145.9,4146.45,0.5500000000001819,0.0
1790979380950.0,4145.83,4146.38,0.5500000000001819,0.0
1790979381139.0,4145.9,4146.45,0.5500000000001819,0.0
1790979381254.0,4145.91,4146.46,0.5500000000001819,0.0
1790979381788.0,4145.86,4146.41,0.5500000000001819,0.0
1790979381892.0,4145.91,4146.46,0.5500000000001819,0.0
1790979381993.0,4145.89,4146.44,0.5499999999992724,0.0
1790979382092.0,4145.79,4146.35,0.5600000000004002,0.0
1790979382237.0,4145.91,4146.46,0.5500000000001819,0.0
1790979382350.0,4145.89,4146.44,0.5499999999992724,0.0
1790979382538.0,4145.92,4146.47,0.5500000000001819,0.0
1790979382638.0,4146.0,4146.55,0.5500000000001819,0.0
1790979382738.0,4145.95,4146.51,0.5600000000004002,0.0
1790979382938.0,4145.97,4146.52,0.5500000000001819,0.0
1790979383010.0,4146.01,4146.56,0.5500000000001819,0.0
1790979383204.0,4145.96,4146.51,0.5500000000001819,0.0
1790979383439.0,4145.9,4146.46,0.5600000000004002,0.0
1790979383555.0,4145.87,4146.42,0.5500000000001819,0.0
1790979383638.0,4145.83,4146.38,0.5500000000001819,0.0
1790979383811.0,4145.82,4146.37,0.5500000000001819,0.0
1790979383913.0,4145.78,4146.34,0.5600000000004002,0.0
1790979384218.0,4145.71,4146.26,0.5500000000001819,0.0
1790979384888.0,4145.77,4146.32,0.5499999999992724,0.0
1790979384970.0,4145.93,4146.48,0.5499999999992724,0.0
1790979385042.0,4145.84,4146.4,0.5599999999994907,0.0
1790979385137.0,4145.95,4146.5,0.5500000000001819,0.0
1790979385243.0,4145.86,4146.41,0.5500000000001819,0.0
1790979385387.0,4145.68,4146.23,0.5499999999992724,0.0
1790979385490.0,4145.54,4146.09,0.5500000000001819,0.0
1790979385688.0,4145.49,4146.04,0.5500000000001819,0.0
1790979385771.0,4145.52,4146.07,0.5499999999992724,0.0
1790979385888.0,4145.4,4145.95,0.5500000000001819,0.0
1790979385990.0,4145.32,4145.87,0.5500000000001819,0.0
1790979386087.0,4145.38,4145.93,0.5500000000001819,0.0
1790979386187.0,4145.35,4145.91,0.5599999999994907,0.0
1790979386372.0,4145.39,4145.94,0.5499999999992724,0.0
1790979387017.0,4145.35,4145.9,0.5499999999992724,0.0
1790979387541.0,4145.11,4145.65,0.5399999999999636,0.0
1790979387615.0,4145.04,4145.59,0.5500000000001819,0.0
1790979387689.0,4145.12,4145.67,0.5500000000001819,0.0
1790979387789.0,4145.03,4145.59,0.5600000000004002,0.0
1790979387879.0,4144.97,4145.52,0.5500000000001819,0.0
1790979387989.0,4145.06,4145.61,0.5499999999992724,0.0
1790979388242.0,4145.09,4145.64,0.5500000000001819,0.0
1790979388342.0,4145.18,4145.73,0.5499999999992724,0.0
1790979388438.0,4145.35,4145.9,0.5499999999992724,0.0
1790979388537.0,4145.31,4145.86,0.5499999999992724,0.0
1790979388641.0,4145.26,4145.81,0.5500000000001819,0.0
1790979388747.0,4145.32,4145.87,0.5500000000001819,0.0
1790979388839.0,4145.44,4145.99,0.5500000000001819,0.0
1790979389141.0,4145.48,4146.03,0.5500000000001819,0.0
1790979389252.0,4145.42,4145.97,0.5500000000001819,0.0
1790979389538.0,4145.44,4145.99,0.5500000000001819,0.0
1790979389642.0,4145.43,4145.98,0.5499999999992724,0.0
1790979389747.0,4145.52,4146.07,0.5499999999992724,0.0
1790979389857.0,4145.5,4146.05,0.5500000000001819,0.0
1790979389938.0,4145.38,4145.94,0.5599999999994907,0.0
1790979390038.0,4145.34,4145.89,0.5500000000001819,0.0
1790979390112.0,4145.31,4145.86,0.5499999999992724,0.0
1790979390287.0,4145.29,4145.84,0.5500000000001819,0.0
1790979390388.0,4145.2,4145.75,0.5500000000001819,0.0
1790979390483.0,4145.25,4145.8,0.5500000000001819,0.0
1790979390583.0,4145.38,4145.93,0.5500000000001819,0.0
1790979390688.0,4145.45,4146.0,0.5500000000001819,0.0
1790979390795.0,4145.48,4146.03,0.5500000000001819,0.0
1790979391039.0,4145.5,4146.05,0.5500000000001819,0.0
1790979391126.0,4145.51,4146.06,0.5500000000001819,0.0
1790979391402.0,4145.47,4146.02,0.5500000000001819,0.0
1790979391488.0,4145.42,4145.98,0.5599999999994907,0.0
1790979391804.0,4145.47,4146.02,0.5500000000001819,0.0
1790979391890.0,4145.46,4146.01,0.5500000000001819,0.0
1790979392590.0,4145.48,4146.03,0.5500000000001819,0.0
1790979392690.0,4145.75,4146.31,0.5600000000004002,0.0
1790979392790.0,4145.67,4146.22,0.5500000000001819,0.0
1790979393187.0,4145.58,4146.13,0.5500000000001819,0.0
1790979393487.0,4145.62,4146.17,0.5500000000001819,0.0
1790979393581.0,4145.58,4146.13,0.5500000000001819,0.0
1790979393738.0,4145.47,4146.02,0.5500000000001819,0.0
1790979393838.0,4145.45,4146.0,0.5500000000001819,0.0
1790979393938.0,4145.58,4146.13,0.5500000000001819,0.0
1790979394053.0,4145.49,4146.05,0.5600000000004002,0.0
1790979394189.0,4145.41,4145.97,0.5600000000004002,0.0
1790979394261.0,4145.43,4145.99,0.5599999999994907,0.0
1790979394388.0,4145.49,4146.04,0.5500000000001819,0.0
1790979394460.0,4145.5,4146.05,0.5500000000001819,0.0
1790979394730.0,4145.47,4146.02,0.5500000000001819,0.0
1790979395143.0,4145.58,4146.13,0.5500000000001819,0.0
1790979395223.0,4145.64,4146.19,0.5499999999992724,0.0
1790979395310.0,4145.6,4146.15,0.5499999999992724,0.0
1790979395390.0,4145.48,4146.03,0.5500000000001819,0.0
1790979395477.0,4145.49,4146.04,0.5500000000001819,0.0
1790979395568.0,4145.41,4145.96,0.5500000000001819,0.0
1790979396141.0,4145.48,4146.03,0.5500000000001819,0.0
1790979396492.0,4145.39,4145.95,0.5599999999994907,0.0
1790979396570.0,4145.43,4145.99,0.5599999999994907,0.0
1790979396845.0,4145.37,4145.92,0.5500000000001819,0.0
1790979396941.0,4145.38,4145.94,0.5599999999994907,0.0
1790979397013.0,4145.36,4145.91,0.5500000000001819,0.0
1790979397089.0,4145.39,4145.94,0.5499999999992724,0.0
1790979397184.0,4145.41,4145.96,0.5500000000001819,0.0
1790979398140.0,4145.42,4145.97,0.5500000000001819,0.0
1790979399161.0,4145.41,4145.96,0.5500000000001819,0.0
1790979399588.0,4145.33,4145.88,0.5500000000001819,0.0
1790979399660.0,4145.26,4145.82,0.5599999999994907,0.0
1790979399740.0,4145.38,4145.94,0.5599999999994907,0.0
1790979400039.0,4145.44,4145.99,0.5500000000001819,0.0
1790979400139.0,4145.35,4145.9,0.5499999999992724,0.0
1790979400489.0,4145.34,4145.89,0.5500000000001819,0.0
1790979400638.0,4145.32,4145.87,0.5500000000001819,0.0
1790979400738.0,4145.3,4145.85,0.5500000000001819,0.0
1790979400844.0,4145.31,4145.86,0.5499999999992724,0.0
1790979401338.0,4145.34,4145.9,0.5599999999994907,0.0
1790979401438.0,4145.32,4145.87,0.5500000000001819,0.0
1790979401588.0,4145.29,4145.84,0.5500000000001819,0.0
1790979401688.0,4145.34,4145.89,0.5500000000001819,0.0
1790979401839.0,4145.25,4145.8,0.5500000000001819,0.0
1790979402188.0,4145.4,4145.95,0.5500000000001819,0.0
1790979402278.0,4145.34,4145.89,0.5500000000001819,0.0
1790979402538.0,4145.33,4145.88,0.5500000000001819,0.0
1790979403239.0,4145.29,4145.85,0.5600000000004002,0.0
1790979403588.0,4145.31,4145.87,0.5599999999994907,0.0
1790979404448.0,4145.32,4145.87,0.5500000000001819,0.0
1790979404537.0,4145.32,4145.88,0.5600000000004002,0.0
1790979405690.0,4145.27,4145.82,0.5499999999992724,0.0
1790979405788.0,4145.22,4145.78,0.5599999999994907,0.0
1790979406289.0,4145.43,4145.99,0.5599999999994907,0.0
1790979406388.0,4145.36,4145.91,0.5500000000001819,0.0
1790979406692.0,4145.19,4145.75,0.5600000000004002,0.0
1790979407590.0,4145.17,4145.72,0.5500000000001819,0.0
1790979407660.0,4145.2,4145.76,0.5600000000004002,0.0
1790979407745.0,4145.19,4145.75,0.5600000000004002,0.0
1790979407857.0,4145.16,4145.72,0.5600000000004002,0.0
1790979407937.0,4145.17,4145.73,0.5599999999994907,0.0
1790979408288.0,4145.16,4145.72,0.5600000000004002,0.0
1790979408481.0,4145.14,4145.69,0.5499999999992724,0.0
1790979408738.0,4145.01,4145.55,0.5399999999999636,0.0
1790979409122.0,4145.11,4145.67,0.5600000000004002,0.0
1790979409194.0,4145.17,4145.72,0.5500000000001819,0.0
1790979409391.0,4145.25,4145.8,0.5500000000001819,0.0
1790979409539.0,4145.28,4145.83,0.5500000000001819,0.0
1790979410077.0,4145.27,4145.82,0.5499999999992724,0.0
1790979410440.0,4145.28,4145.83,0.5500000000001819,0.0
1790979410537.0,4145.31,4145.86,0.5499999999992724,0.0
1790979411438.0,4145.27,4145.82,0.5499999999992724,0.0
1790979411512.0,4145.28,4145.83,0.5500000000001819,0.0
1790979411838.0,4145.39,4145.94,0.5499999999992724,0.0
1790979411987.0,4145.3,4145.86,0.5599999999994907,0.0
1790979412444.0,4145.27,4145.83,0.5599999999994907,0.0
1790979412520.0,4145.2,4145.76,0.5600000000004002,0.0
1790979413539.0,4145.22,4145.78,0.5599999999994907,0.0
1790979413619.0,4145.2,4145.76,0.5600000000004002,0.0
1790979413889.0,4145.16,4145.71,0.5500000000001819,0.0
1790979414089.0,4145.1,4145.66,0.5599999999994907,0.0
1790979414172.0,4145.07,4145.62,0.5500000000001819,0.0
1790979414339.0,4145.2,4145.76,0.5600000000004002,0.0
1790979414438.0,4145.05,4145.6,0.5500000000001819,0.0
1790979414539.0,4144.94,4145.49,0.5500000000001819,0.0
1790979414628.0,4144.97,4145.52,0.5500000000001819,0.0
1790979414737.0,4144.94,4145.49,0.5500000000001819,0.0
1790979414836.0,4144.95,4145.5,0.5500000000001819,0.0
1790979414924.0,4144.96,4145.51,0.5500000000001819,0.0
1790979415046.0,4144.95,4145.5,0.5500000000001819,0.0
1790979415239.0,4145.01,4145.56,0.5500000000001819,0.0
1790979415440.0,4145.04,4145.59,0.5500000000001819,0.0
1790979415537.0,4145.27,4145.82,0.5499999999992724,0.0
1790979415640.0,4145.35,4145.91,0.5599999999994907,0.0
1790979415722.0,4145.35,4145.9,0.5499999999992724,0.0
1790979415875.0,4145.34,4145.89,0.5500000000001819,0.0
1790979415944.0,4145.3,4145.85,0.5500000000001819,0.0
1790979416039.0,4145.41,4145.96,0.5500000000001819,0.0
1790979416640.0,4145.25,4145.8,0.5500000000001819,0.0
1790979416740.0,4145.18,4145.73,0.5499999999992724,0.0
1790979417240.0,4145.11,4145.66,0.5500000000001819,0.0
1790979417317.0,4144.89,4145.44,0.5499999999992724,0.0
1790979417523.0,4144.88,4145.43,0.5500000000001819,0.0
1790979417595.0,4144.87,4145.42,0.5500000000001819,0.0
1790979417678.0,4144.88,4145.43,0.5500000000001819,0.0
1790979417784.0,4144.89,4145.44,0.5499999999992724,0.0
1790979417990.0,4145.15,4145.7,0.5500000000001819,0.0
1790979418088.0,4145.05,4145.6,0.5500000000001819,0.0
1790979418249.0,4144.98,4145.53,0.5500000000001819,0.0
1790979418438.0,4144.97,4145.52,0.5500000000001819,0.0
1790979418539.0,4144.98,4145.53,0.5500000000001819,0.0
1790979418638.0,4145.06,4145.61,0.5499999999992724,0.0
1790979418717.0,4145.08,4145.63,0.5500000000001819,0.0
1790979418792.0,4145.13,4145.69,0.5599999999994907,0.0
1790979418890.0,4145.15,4145.7,0.5500000000001819,0.0
1790979419046.0,4145.06,4145.61,0.5499999999992724,0.0
1790979419138.0,4145.01,4145.56,0.5500000000001819,0.0
1790979419241.0,4145.08,4145.63,0.5500000000001819,0.0
1790979419357.0,4145.1,4145.65,0.5499999999992724,0.0
1790979420146.0,4145.23,4145.79,0.5600000000004002,0.0
1790979420242.0,4145.08,4145.64,0.5600000000004002,0.0
1790979420341.0,4144.98,4145.53,0.5500000000001819,0.0
1790979420440.0,4144.89,4145.44,0.5499999999992724,0.0
1790979420544.0,4144.97,4145.52,0.5500000000001819,0.0
1790979420640.0,4144.61,4145.16,0.5500000000001819,0.0
1790979420740.0,4144.6,4145.15,0.5499999999992724,0.0
1790979420896.0,4144.78,4145.34,0.5600000000004002,0.0
1790979420993.0,4144.79,4145.34,0.5500000000001819,0.0
1790979421063.0,4144.72,4145.27,0.5500000000001819,0.0
1790979421191.0,4144.75,4145.3,0.5500000000001819,0.0
1790979421272.0,4144.8,4145.35,0.5500000000001819,0.0
1790979421491.0,4144.76,4145.31,0.5500000000001819,0.0
1790979421589.0,4144.75,4145.3,0.5500000000001819,0.0
1790979421695.0,4144.77,4145.32,0.5499999999992724,0.0
1790979421789.0,4144.75,4145.31,0.5600000000004002,0.0
1790979421887.0,4144.68,4145.23,0.5499999999992724,0.0
1790979421991.0,4144.74,4145.29,0.5500000000001819,0.0
1790979422090.0,4144.85,4145.4,0.5499999999992724,0.0
1790979422199.0,4145.0,4145.55,0.5500000000001819,0.0
1790979422290.0,4144.98,4145.53,0.5500000000001819,0.0
1790979422360.0,4144.97,4145.53,0.5599999999994907,0.0
1790979422592.0,4144.95,4145.5,0.5500000000001819,0.0
1790979422693.0,4144.88,4145.43,0.5500000000001819,0.0
1790979422790.0,4144.94,4145.49,0.5500000000001819,0.0
1790979422868.0,4144.95,4145.5,0.5500000000001819,0.0
1790979423742.0,4144.93,4145.49,0.5599999999994907,0.0
1790979423815.0,4144.92,4145.47,0.5500000000001819,0.0
1790979423891.0,4145.03,4145.58,0.5500000000001819,0.0
1790979423975.0,4144.93,4145.48,0.5499999999992724,0.0
1790979424090.0,4144.81,4145.36,0.5499999999992724,0.0
1790979424192.0,4144.65,4145.2,0.5500000000001819,0.0
1790979424271.0,4144.66,4145.21,0.5500000000001819,0.0
1790979424588.0,4144.63,4145.18,0.5500000000001819,0.0
1790979424987.0,4144.62,4145.17,0.5500000000001819,0.0
1790979425090.0,4144.65,4145.2,0.5500000000001819,0.0
1790979425446.0,4144.64,4145.19,0.5499999999992724,0.0
1790979425539.0,4144.65,4145.2,0.5500000000001819,0.0
1790979425988.0,4144.6,4145.15,0.5499999999992724,0.0
1790979426840.0,4144.63,4145.18,0.5500000000001819,0.0
1790979427739.0,4144.61,4145.16,0.5500000000001819,0.0
1790979428494.0,4144.82,4145.38,0.5600000000004002,0.0
1790979428590.0,4144.99,4145.54,0.5500000000001819,0.0
1790979428691.0,4144.95,4145.5,0.5500000000001819,0.0
1790979428788.0,4144.91,4145.46,0.5500000000001819,0.0
1790979428864.0,4144.88,4145.43,0.5500000000001819,0.0
1790979428941.0,4144.8,4145.35,0.5500000000001819,0.0
1790979429040.0,4144.54,4145.09,0.5500000000001819,0.0
1790979429388.0,4144.77,4145.32,0.5499999999992724,0.0
1790979429488.0,4144.74,4145.29,0.5500000000001819,0.0
1790979429589.0,4145.0,4145.55,0.5500000000001819,0.0
1790979429690.0,4144.95,4145.5,0.5500000000001819,0.0
1790979429990.0,4145.18,4145.73,0.5499999999992724,0.0
1790979430081.0,4145.1,4145.65,0.5499999999992724,0.0
1790979430191.0,4145.12,4145.67,0.5500000000001819,0.0
1790979430288.0,4145.02,4145.57,0.5499999999992724,0.0
1790979430389.0,4144.95,4145.5,0.5500000000001819,0.0
1790979430478.0,4144.95,4145.51,0.5600000000004002,0.0
1790979430589.0,4144.89,4145.44,0.5499999999992724,0.0
1790979430689.0,4144.9,4145.45,0.5500000000001819,0.0
1790979430789.0,4144.95,4145.5,0.5500000000001819,0.0
1790979430889.0,4145.0,4145.56,0.5600000000004002,0.0
1790979431340.0,4145.07,4145.62,0.5500000000001819,0.0
1790979431541.0,4145.06,4145.62,0.5599999999994907,0.0
1790979431756.0,4145.07,4145.62,0.5500000000001819,0.0
1790979431842.0,4144.96,4145.51,0.5500000000001819,0.0
1790979431941.0,4144.77,4145.32,0.5499999999992724,0.0
1790979432038.0,4144.82,4145.38,0.5600000000004002,0.0
1790979432142.0,4144.8,4145.35,0.5500000000001819,0.0
1790979432212.0,4144.84,4145.4,0.5599999999994907,0.0
1790979432330.0,4144.87,4145.42,0.5500000000001819,0.0
1790979432442.0,4144.8,4145.35,0.5500000000001819,0.0
1790979432539.0,4144.91,4145.47,0.5600000000004002,0.0
1790979432743.0,4144.99,4145.55,0.5600000000004002,0.0
1790979432843.0,4145.01,4145.56,0.5500000000001819,0.0
1790979432940.0,4144.99,4145.54,0.5500000000001819,0.0
1790979433193.0,4145.01,4145.56,0.5500000000001819,0.0
1790979433290.0,4145.13,4145.69,0.5599999999994907,0.0
1790979433372.0,4145.1,4145.65,0.5499999999992724,0.0
1790979433443.0,4145.23,4145.78,0.5500000000001819,0.0
1790979433539.0,4145.15,4145.71,0.5600000000004002,0.0
1790979433640.0,4145.15,4145.7,0.5500000000001819,0.0
1790979434791.0,4145.3,4145.85,0.5500000000001819,0.0
1790979434911.0,4145.27,4145.82,0.5499999999992724,0.0
1790979435120.0,4145.29,4145.84,0.5500000000001819,0.0
1790979435312.0,4145.27,4145.82,0.5499999999992724,0.0
1790979435392.0,4145.21,4145.76,0.5500000000001819,0.0
1790979435488.0,4145.2,4145.75,0.5500000000001819,0.0
1790979435572.0,4145.13,4145.68,0.5500000000001819,0.0
1790979435679.0,4145.14,4145.7,0.5599999999994907,0.0
1790979435784.0,4145.11,4145.66,0.5500000000001819,0.0
1790979435887.0,4145.13,4145.68,0.5500000000001819,0.0
1790979436058.0,4145.11,4145.66,0.5500000000001819,0.0
1790979436139.0,4145.16,4145.71,0.5500000000001819,0.0
1790979436335.0,4145.16,4145.72,0.5600000000004002,0.0
1790979436481.0,4145.17,4145.73,0.5599999999994907,0.0
1790979436659.0,4145.15,4145.7,0.5500000000001819,0.0
1790979436990.0,4145.07,4145.62,0.5500000000001819,0.0
1790979437142.0,4145.05,4145.6,0.5500000000001819,0.0
1790979437406.0,4145.04,4145.59,0.5500000000001819,0.0
1790979437489.0,4144.96,4145.51,0.5500000000001819,0.0
1790979437639.0,4144.97,4145.52,0.5500000000001819,0.0
1790979437739.0,4145.02,4145.57,0.5499999999992724,0.0
1790979437892.0,4145.04,4145.59,0.5500000000001819,0.0
1790979437987.0,4145.06,4145.61,0.5499999999992724,0.0
1790979438087.0,4145.17,4145.73,0.5599999999994907,0.0
1790979438189.0,4145.17,4145.72,0.5500000000001819,0.0
1790979439037.0,4145.23,4145.78,0.5500000000001819,0.0
1790979439129.0,4145.2,4145.75,0.5500000000001819,0.0
1790979439239.0,4145.17,4145.72,0.5500000000001819,0.0
1790979439346.0,4145.13,4145.68,0.5500000000001819,0.0
1790979439539.0,4145.14,4145.7,0.5599999999994907,0.0
1790979439622.0,4145.11,4145.67,0.5600000000004002,0.0
1790979439737.0,4145.02,4145.57,0.5499999999992724,0.0
1790979439812.0,4145.04,4145.6,0.5600000000004002,0.0
1790979441139.0,4145.12,4145.67,0.5500000000001819,0.0
1790979441291.0,4145.1,4145.65,0.5499999999992724,0.0
1790979441390.0,4145.15,4145.7,0.5500000000001819,0.0
1790979441549.0,4145.13,4145.69,0.5599999999994907,0.0
1790979441932.0,4145.13,4145.68,0.5500000000001819,0.0
1790979442083.0,4145.09,4145.64,0.5500000000001819,0.0
1790979442342.0,4145.16,4145.71,0.5500000000001819,0.0
1790979442489.0,4145.15,4145.7,0.5500000000001819,0.0
1790979442652.0,4145.1,4145.65,0.5499999999992724,0.0
1790979442797.0,4145.07,4145.62,0.5500000000001819,0.0
1790979442891.0,4145.1,4145.65,0.5499999999992724,0.0
1790979443539.0,4145.01,4145.56,0.5500000000001819,0.0
1790979443638.0,4145.0,4145.55,0.5500000000001819,0.0
1790979443990.0,4145.01,4145.57,0.5599999999994907,0.0
1790979444090.0,4145.17,4145.72,0.5500000000001819,0.0
1790979444189.0,4145.13,4145.68,0.5500000000001819,0.0
1790979444339.0,4145.01,4145.56,0.5500000000001819,0.0
1790979444688.0,4145.16,4145.71,0.5500000000001819,0.0
1790979444844.0,4145.14,4145.69,0.5499999999992724,0.0
1790979444939.0,4145.11,4145.66,0.5500000000001819,0.0
1790979445038.0,4145.08,4145.63,0.5500000000001819,0.0
1790979445143.0,4145.0,4145.55,0.5500000000001819,0.0
1790979445249.0,4145.09,4145.64,0.5500000000001819,0.0
1790979445443.0,4145.08,4145.63,0.5500000000001819,0.0
1790979445789.0,4145.04,4145.59,0.5500000000001819,0.0
1790979448089.0,4144.8,4145.36,0.5599999999994907,0.0
1790979448192.0,4144.8,4145.35,0.5500000000001819,0.0
1790979448294.0,4145.05,4145.58,0.5299999999997453,0.0
1790979448392.0,4145.06,4145.6,0.5399999999999636,0.0
1790979448464.0,4145.11,4145.64,0.5300000000006548,0.0
1790979448570.0,4145.1,4145.63,0.5299999999997453,0.0
1790979449290.0,4145.12,4145.65,0.5299999999997453,0.0
1790979449394.0,4144.93,4145.47,0.5399999999999636,0.0
1790979449489.0,4144.91,4145.45,0.5399999999999636,0.0
1790979449952.0,4144.93,4145.47,0.5399999999999636,0.0
1790979450042.0,4144.94,4145.47,0.5300000000006548,0.0
1790979450153.0,4144.95,4145.48,0.5299999999997453,0.0
1790979450241.0,4145.1,4145.63,0.5299999999997453,0.0
1790979450338.0,4145.08,4145.61,0.5299999999997453,0.0
1790979450441.0,4145.05,4145.58,0.5299999999997453,0.0
1790979450539.0,4145.05,4145.59,0.5399999999999636,0.0
1790979450658.0,4144.91,4145.46,0.5500000000001819,0.0
1790979450939.0,4144.94,4145.48,0.5399999999999636,0.0
1790979451240.0,4144.92,4145.46,0.5399999999999636,0.0
1790979451315.0,4144.94,4145.47,0.5300000000006548,0.0
1790979451416.0,4144.97,4145.5,0.5299999999997453,0.0
1790979451692.0,4145.07,4145.6,0.5300000000006548,0.0
1790979451790.0,4145.13,4145.66,0.5299999999997453,0.0
1790979451893.0,4145.26,4145.79,0.5299999999997453,0.0
1790979451993.0,4145.25,4145.78,0.5299999999997453,0.0
1790979452491.0,4145.27,4145.8,0.5299999999997453,0.0
1790979452607.0,4145.26,4145.79,0.5299999999997453,0.0
1790979452940.0,4145.24,4145.78,0.5399999999999636,0.0
1790979454239.0,4145.26,4145.79,0.5299999999997453,0.0
1790979454438.0,4145.21,4145.74,0.5299999999997453,0.0
1790979454609.0,4145.16,4145.69,0.5299999999997453,0.0
1790979454743.0,4145.01,4145.55,0.5399999999999636,0.0
1790979455589.0,4144.98,4145.52,0.5400000000008731,0.0
1790979455715.0,4144.97,4145.51,0.5399999999999636,0.0
1790979455989.0,4144.87,4145.42,0.5500000000001819,0.0
1790979456091.0,4144.85,4145.4,0.5499999999992724,0.0
1790979456191.0,4144.65,4145.2,0.5500000000001819,0.0
1790979456295.0,4144.68,4145.23,0.5499999999992724,0.0
1790979456369.0,4144.69,4145.24,0.5500000000001819,0.0
1790979456575.0,4144.68,4145.23,0.5499999999992724,0.0
1790979457192.0,4144.58,4145.13,0.5500000000001819,0.0
1790979457288.0,4144.59,4145.14,0.5500000000001819,0.0
1790979457395.0,4144.58,4145.13,0.5500000000001819,0.0
1790979457595.0,4144.57,4145.12,0.5500000000001819,0.0
1790979458345.0,4144.59,4145.14,0.5500000000001819,0.0
1790979460139.0,4144.62,4145.17,0.5500000000001819,0.0
1790979460492.0,4144.65,4145.2,0.5500000000001819,0.0
1790979460598.0,4144.62,4145.17,0.5500000000001819,0.0
1790979460788.0,4144.6,4145.15,0.5499999999992724,0.0
1790979460938.0,4144.59,4145.14,0.5500000000001819,0.0
1790979461091.0,4144.65,4145.2,0.5500000000001819,0.0
1790979461188.0,4144.66,4145.22,0.5600000000004002,0.0
1790979461290.0,4144.68,4145.24,0.5599999999994907,0.0
1790979461392.0,4144.99,4145.54,0.5500000000001819,0.0
1790979461490.0,4145.02,4145.57,0.5499999999992724,0.0
1790979461589.0,4144.97,4145.52,0.5500000000001819,0.0
1790979461695.0,4145.02,4145.57,0.5499999999992724,0.0
1790979462099.0,4145.0,4145.55,0.5500000000001819,0.0
1790979463141.0,4145.03,4145.58,0.5500000000001819,0.0
1790979463245.0,4145.0,4145.55,0.5500000000001819,0.0
1790979463837.0,4144.97,4145.52,0.5500000000001819,0.0
1790979464898.0,4145.02,4145.57,0.5499999999992724,0.0
1790979465889.0,4144.98,4145.53,0.5500000000001819,0.0
1790979467088.0,4144.99,4145.54,0.5500000000001819,0.0
1790979467329.0,4144.96,4145.51,0.5500000000001819,0.0
1790979467740.0,4144.79,4145.34,0.5500000000001819,0.0
1790979467844.0,4144.85,4145.4,0.5499999999992724,0.0
1790979467942.0,4144.81,4145.36,0.5499999999992724,0.0
1790979468152.0,4144.75,4145.3,0.5500000000001819,0.0
1790979468274.0,4144.78,4145.33,0.5500000000001819,0.0
1790979468389.0,4144.74,4145.29,0.5500000000001819,0.0
1790979468749.0,4144.7,4145.25,0.5500000000001819,0.0
1790979469241.0,4144.71,4145.26,0.5500000000001819,0.0
1790979469491.0,4144.89,4145.44,0.5499999999992724,0.0
1790979469588.0,4144.81,4145.36,0.5499999999992724,0.0
1790979469689.0,4144.83,4145.38,0.5500000000001819,0.0
1790979469789.0,4144.87,4145.42,0.5500000000001819,0.0
1790979471052.0,4144.9,4145.45,0.5500000000001819,0.0
1790979471140.0,4144.89,4145.44,0.5499999999992724,0.0
1790979471255.0,4144.9,4145.45,0.5500000000001819,0.0
1790979471339.0,4144.87,4145.42,0.5500000000001819,0.0
1790979471410.0,4144.9,4145.45,0.5500000000001819,0.0
1790979471489.0,4144.88,4145.44,0.5599999999994907,0.0
1790979471688.0,4144.89,4145.44,0.5499999999992724,0.0
1790979472078.0,4144.91,4145.46,0.5500000000001819,0.0
1790979472182.0,4144.96,4145.51,0.5500000000001819,0.0
1790979472283.0,4144.95,4145.5,0.5500000000001819,0.0
1790979472553.0,4144.97,4145.52,0.5500000000001819,0.0
1790979472639.0,4144.92,4145.47,0.5500000000001819,0.0
1790979472752.0,4144.94,4145.49,0.5500000000001819,0.0
1790979472867.0,4144.93,4145.49,0.5599999999994907,0.0
1790979472957.0,4144.94,4145.49,0.5500000000001819,0.0
1790979473038.0,4144.97,4145.52,0.5500000000001819,0.0
1790979473137.0,4145.04,4145.59,0.5500000000001819,0.0
1790979473240.0,4144.91,4145.46,0.5500000000001819,0.0
1790979473410.0,4144.88,4145.43,0.5500000000001819,0.0
1790979473591.0,4144.89,4145.44,0.5499999999992724,0.0
1790979473693.0,4144.88,4145.43,0.5500000000001819,0.0
1790979473911.0,4144.89,4145.44,0.5499999999992724,0.0
1790979474013.0,4144.9,4145.45,0.5500000000001819,0.0
1790979474139.0,4144.87,4145.42,0.5500000000001819,0.0
1790979474611.0,4144.86,4145.41,0.5500000000001819,0.0
1790979474692.0,4144.82,4145.37,0.5500000000001819,0.0
1790979474801.0,4144.84,4145.39,0.5500000000001819,0.0
1790979474889.0,4144.87,4145.42,0.5500000000001819,0.0
1790979475113.0,4144.88,4145.43,0.5500000000001819,0.0
1790979475189.0,4144.86,4145.42,0.5600000000004002,0.0
1790979475592.0,4144.91,4145.46,0.5500000000001819,0.0
1790979475697.0,4145.16,4145.71,0.5500000000001819,0.0
1790979475891.0,4145.14,4145.69,0.5499999999992724,0.0
1790979476092.0,4144.97,4145.53,0.5599999999994907,0.0
1790979476164.0,4144.99,4145.54,0.5500000000001819,0.0
1790979476288.0,4145.0,4145.56,0.5600000000004002,0.0
1790979476438.0,4144.99,4145.55,0.5600000000004002,0.0
1790979476538.0,4145.0,4145.56,0.5600000000004002,0.0
1790979476646.0,4145.08,4145.63,0.5500000000001819,0.0
1790979476907.0,4145.09,4145.64,0.5500000000001819,0.0
1790979477080.0,4145.01,4145.56,0.5500000000001819,0.0
1790979477624.0,4145.02,4145.57,0.5499999999992724,0.0
1790979477729.0,4145.0,4145.55,0.5500000000001819,0.0
1790979477890.0,4144.99,4145.54,0.5500000000001819,0.0
1790979478641.0,4144.92,4145.47,0.5500000000001819,0.0
1790979478742.0,4144.88,4145.44,0.5599999999994907,0.0
1790979478859.0,4144.86,4145.42,0.5600000000004002,0.0
1790979479239.0,4144.83,4145.39,0.5600000000004002,0.0
1790979479443.0,4144.81,4145.37,0.5599999999994907,0.0
1790979479539.0,4144.85,4145.41,0.5599999999994907,0.0
1790979479639.0,4144.84,4145.4,0.5599999999994907,0.0
1790979479791.0,4144.85,4145.41,0.5599999999994907,0.0
1790979480033.0,4144.83,4145.38,0.5500000000001819,0.0
1790979480137.0,4144.88,4145.43,0.5500000000001819,0.0
1790979480237.0,4144.89,4145.44,0.5499999999992724,0.0
1790979480345.0,4144.85,4145.41,0.5599999999994907,0.0
1790979480489.0,4144.83,4145.38,0.5500000000001819,0.0
1790979480571.0,4144.84,4145.4,0.5599999999994907,0.0
1790979480839.0,4144.82,4145.38,0.5600000000004002,0.0
1790979480952.0,4144.83,4145.39,0.5600000000004002,0.0
1790979481398.0,4144.98,4145.53,0.5500000000001819,0.0
1790979481488.0,4144.98,4145.54,0.5600000000004002,0.0
1790979481663.0,4145.02,4145.57,0.5499999999992724,0.0
1790979481740.0,4145.01,4145.56,0.5500000000001819,0.0
1790979481838.0,4145.04,4145.59,0.5500000000001819,0.0
1790979482141.0,4144.95,4145.51,0.5600000000004002,0.0
1790979482242.0,4144.98,4145.53,0.5500000000001819,0.0
1790979482352.0,4144.96,4145.52,0.5600000000004002,0.0
1790979482445.0,4144.93,4145.49,0.5599999999994907,0.0
1790979482542.0,4144.95,4145.5,0.5500000000001819,0.0
1790979482641.0,4144.92,4145.47,0.5500000000001819,0.0
1790979482755.0,4144.95,4145.5,0.5500000000001819,0.0
1790979482990.0,4144.92,4145.47,0.5500000000001819,0.0
1790979483390.0,4144.9,4145.45,0.5500000000001819,0.0
1790979483489.0,4144.86,4145.41,0.5500000000001819,0.0
1790979483588.0,4144.92,4145.47,0.5500000000001819,0.0
1790979484006.0,4144.93,4145.48,0.5499999999992724,0.0
1790979484271.0,4144.9,4145.45,0.5500000000001819,0.0
1790979484345.0,4144.84,4145.39,0.5500000000001819,0.0
1790979484423.0,4144.71,4145.26,0.5500000000001819,0.0
1790979484841.0,4144.79,4145.34,0.5500000000001819,0.0
1790979485197.0,4144.76,4145.31,0.5500000000001819,0.0
1790979485288.0,4144.83,4145.38,0.5500000000001819,0.0
1790979485393.0,4144.82,4145.37,0.5500000000001819,0.0
1790979485507.0,4144.88,4145.43,0.5500000000001819,0.0
1790979485590.0,4144.9,4145.45,0.5500000000001819,0.0
1790979485663.0,4144.89,4145.44,0.5499999999992724,0.0
1790979485940.0,4144.82,4145.37,0.5500000000001819,0.0
1790979486956.0,4144.78,4145.33,0.5500000000001819,0.0
1790979487139.0,4144.86,4145.41,0.5500000000001819,0.0
1790979487245.0,4144.83,4145.38,0.5500000000001819,0.0
1790979487389.0,4144.78,4145.33,0.5500000000001819,0.0
1790979487488.0,4144.74,4145.29,0.5500000000001819,0.0
1790979487688.0,4144.62,4145.17,0.5500000000001819,0.0
1790979487789.0,4144.55,4145.1,0.5500000000001819,0.0
1790979487865.0,4144.52,4145.07,0.5499999999992724,0.0
1790979488238.0,4144.49,4145.04,0.5500000000001819,0.0
1790979488391.0,4144.56,4145.11,0.5499999999992724,0.0
1790979488794.0,4144.58,4145.13,0.5500000000001819,0.0
1790979488887.0,4144.56,4145.1,0.5399999999999636,0.0
1790979489002.0,4144.5,4145.05,0.5500000000001819,0.0
1790979489089.0,4144.48,4145.03,0.5500000000001819,0.0
1790979489289.0,4144.5,4145.05,0.5500000000001819,0.0
1790979489389.0,4144.51,4145.07,0.5599999999994907,0.0
1790979489478.0,4144.59,4145.14,0.5500000000001819,0.0
1790979489741.0,4144.57,4145.12,0.5500000000001819,0.0
1790979489901.0,4144.59,4145.14,0.5500000000001819,0.0
1790979490240.0,4144.63,4145.19,0.5599999999994907,0.0
1790979490315.0,4144.69,4145.24,0.5500000000001819,0.0
1790979490388.0,4144.67,4145.22,0.5500000000001819,0.0
1790979490491.0,4144.69,4145.24,0.5500000000001819,0.0
1790979490692.0,4144.67,4145.22,0.5500000000001819,0.0
1790979490989.0,4144.69,4145.24,0.5500000000001819,0.0
1790979491102.0,4144.68,4145.23,0.5499999999992724,0.0
1790979491488.0,4144.65,4145.2,0.5500000000001819,0.0
1790979491789.0,4144.71,4145.27,0.5600000000004002,0.0
1790979491899.0,4144.78,4145.33,0.5500000000001819,0.0
1790979492314.0,4144.79,4145.34,0.5500000000001819,0.0
1790979492550.0,4144.77,4145.32,0.5499999999992724,0.0
1790979492656.0,4144.79,4145.34,0.5500000000001819,0.0
1790979492939.0,4144.77,4145.32,0.5499999999992724,0.0
1790979493524.0,4144.79,4145.34,0.5500000000001819,0.0
1790979493797.0,4144.95,4145.5,0.5500000000001819,0.0
1790979493893.0,4144.82,4145.37,0.5500000000001819,0.0
1790979493992.0,4144.77,4145.32,0.5499999999992724,0.0
1790979494091.0,4144.85,4145.4,0.5499999999992724,0.0
1790979494188.0,4144.87,4145.42,0.5500000000001819,0.0
1790979494442.0,4144.92,4145.47,0.5500000000001819,0.0
1790979494650.0,4144.89,4145.44,0.5499999999992724,0.0
1790979494939.0,4144.95,4145.5,0.5500000000001819,0.0
1790979495044.0,4144.92,4145.47,0.5500000000001819,0.0
1790979495139.0,4144.96,4145.51,0.5500000000001819,0.0
1790979495239.0,4144.92,4145.47,0.5500000000001819,0.0
1790979495340.0,4144.89,4145.44,0.5499999999992724,0.0
1790979495443.0,4144.9,4145.45,0.5500000000001819,0.0
1790979495546.0,4145.02,4145.57,0.5499999999992724,0.0
1790979495639.0,4145.18,4145.73,0.5499999999992724,0.0
1790979495744.0,4145.13,4145.68,0.5500000000001819,0.0
1790979496292.0,4145.19,4145.74,0.5500000000001819,0.0
1790979496439.0,4145.09,4145.64,0.5500000000001819,0.0
1790979496537.0,4145.0,4145.55,0.5500000000001819,0.0
1790979496689.0,4144.98,4145.53,0.5500000000001819,0.0
1790979496838.0,4144.99,4145.54,0.5500000000001819,0.0
1790979497139.0,4145.03,4145.58,0.5500000000001819,0.0
1790979497215.0,4144.97,4145.52,0.5500000000001819,0.0
1790979497439.0,4144.96,4145.51,0.5500000000001819,0.0
1790979497539.0,4144.95,4145.5,0.5500000000001819,0.0
1790979497619.0,4144.96,4145.51,0.5500000000001819,0.0
1790979497737.0,4144.94,4145.49,0.5500000000001819,0.0
1790979497838.0,4144.93,4145.48,0.5499999999992724,0.0
1790979497938.0,4144.97,4145.52,0.5500000000001819,0.0
1790979498039.0,4145.15,4145.7,0.5500000000001819,0.0
1790979498112.0,4145.16,4145.71,0.5500000000001819,0.0
1790979498190.0,4145.1,4145.65,0.5499999999992724,0.0
1790979498311.0,4145.11,4145.66,0.5500000000001819,0.0
1790979498788.0,4145.09,4145.64,0.5500000000001819,0.0
1790979498888.0,4145.11,4145.66,0.5500000000001819,0.0
1790979498990.0,4145.17,4145.72,0.5500000000001819,0.0
1790979499138.0,4145.0,4145.55,0.5500000000001819,0.0
1790979500153.0,4144.99,4145.54,0.5500000000001819,0.0
1790979500438.0,4144.96,4145.51,0.5500000000001819,0.0
1790979500692.0,4144.95,4145.5,0.5500000000001819,0.0
1790979500788.0,4144.97,4145.52,0.5500000000001819,0.0
1790979500892.0,4144.96,4145.51,0.5500000000001819,0.0
1790979500987.0,4144.99,4145.54,0.5500000000001819,0.0
1790979501063.0,4144.96,4145.51,0.5500000000001819,0.0
1790979501897.0,4144.94,4145.5,0.5600000000004002,0.0
1790979502114.0,4144.92,4145.47,0.5500000000001819,0.0
1790979502991.0,4144.91,4145.47,0.5600000000004002,0.0
1790979503248.0,4144.92,4145.47,0.5500000000001819,0.0
1790979503943.0,4144.86,4145.41,0.5500000000001819,0.0
1790979504137.0,4144.88,4145.43,0.5500000000001819,0.0
1790979504238.0,4144.9,4145.45,0.5500000000001819,0.0
1790979504311.0,4144.91,4145.46,0.5500000000001819,0.0
1790979504388.0,4144.87,4145.42,0.5500000000001819,0.0
1790979504489.0,4144.94,4145.49,0.5500000000001819,0.0
1790979504788.0,4144.89,4145.44,0.5499999999992724,0.0
1790979504885.0,4144.85,4145.4,0.5499999999992724,0.0
1790979505090.0,4145.01,4145.56,0.5500000000001819,0.0
1790979505191.0,4145.18,4145.73,0.5499999999992724,0.0
1790979505287.0,4145.13,4145.68,0.5500000000001819,0.0
1790979505388.0,4145.16,4145.71,0.5500000000001819,0.0
1790979505537.0,4144.92,4145.47,0.5500000000001819,0.0
1790979505638.0,4145.05,4145.59,0.5399999999999636,0.0
1790979505738.0,4145.08,4145.64,0.5600000000004002,0.0
1790979505840.0,4145.03,4145.58,0.5500000000001819,0.0
1790979505941.0,4145.08,4145.63,0.5500000000001819,0.0
1790979506037.0,4145.03,4145.58,0.5500000000001819,0.0
1790979506117.0,4145.05,4145.6,0.5500000000001819,0.0
1790979506189.0,4145.04,4145.59,0.5500000000001819,0.0
1790979506288.0,4145.15,4145.71,0.5600000000004002,0.0
1790979506389.0,4145.34,4145.89,0.5500000000001819,0.0
1790979506488.0,4145.17,4145.72,0.5500000000001819,0.0
1790979506589.0,4145.19,4145.74,0.5500000000001819,0.0
1790979506688.0,4145.18,4145.73,0.5499999999992724,0.0
1790979506789.0,4145.31,4145.86,0.5499999999992724,0.0
1790979506889.0,4145.34,4145.89,0.5500000000001819,0.0
1790979506989.0,4145.36,4145.91,0.5500000000001819,0.0
1790979507062.0,4145.32,4145.87,0.5500000000001819,0.0
1790979507296.0,4145.36,4145.91,0.5500000000001819,0.0
1790979507388.0,4145.29,4145.85,0.5600000000004002,0.0
1790979507487.0,4145.32,4145.87,0.5500000000001819,0.0
1790979507588.0,4145.3,4145.85,0.5500000000001819,0.0
1790979507988.0,4145.42,4145.97,0.5500000000001819,0.0
1790979508089.0,4145.4,4145.95,0.5500000000001819,0.0
1790979508192.0,4145.6,4146.15,0.5499999999992724,0.0
1790979508289.0,4145.59,4146.14,0.5500000000001819,0.0
1790979508396.0,4145.53,4146.08,0.5500000000001819,0.0
1790979508497.0,4145.45,4146.0,0.5500000000001819,0.0
1790979508702.0,4145.43,4145.98,0.5499999999992724,0.0
1790979509391.0,4145.51,4146.06,0.5500000000001819,0.0
1790979509740.0,4145.44,4146.0,0.5600000000004002,0.0
1790979509842.0,4145.72,4146.27,0.5500000000001819,0.0
1790979509940.0,4145.64,4146.19,0.5499999999992724,0.0
1790979510042.0,4145.63,4146.18,0.5500000000001819,0.0
1790979510142.0,4145.66,4146.22,0.5600000000004002,0.0
1790979510238.0,4145.64,4146.19,0.5499999999992724,0.0
1790979510340.0,4145.68,4146.23,0.5499999999992724,0.0
1790979510413.0,4145.69,4146.24,0.5500000000001819,0.0
1790979510491.0,4145.72,4146.27,0.5500000000001819,0.0
1790979510643.0,4145.63,4146.18,0.5500000000001819,0.0
1790979510742.0,4145.53,4146.08,0.5500000000001819,0.0
1790979510839.0,4145.49,4146.04,0.5500000000001819,0.0
1790979510937.0,4145.51,4146.06,0.5500000000001819,0.0
1790979511010.0,4145.52,4146.08,0.5599999999994907,0.0
1790979511241.0,4145.58,4146.13,0.5500000000001819,0.0
1790979511316.0,4145.59,4146.14,0.5500000000001819,0.0
1790979511440.0,4145.63,4146.18,0.5500000000001819,0.0
1790979511591.0,4145.62,4146.17,0.5500000000001819,0.0
1790979511691.0,4145.58,4146.13,0.5500000000001819,0.0
1790979511787.0,4145.69,4146.24,0.5500000000001819,0.0
1790979511888.0,4145.68,4146.24,0.5599999999994907,0.0
1790979512018.0,4145.65,4146.2,0.5500000000001819,0.0
1790979512138.0,4145.63,4146.19,0.5599999999994907,0.0
1790979512244.0,4145.58,4146.13,0.5500000000001819,0.0
1790979512340.0,4145.61,4146.16,0.5500000000001819,0.0
1790979512442.0,4145.53,4146.08,0.5500000000001819,0.0
1790979512537.0,4145.52,4146.07,0.5499999999992724,0.0
1790979512640.0,4145.53,4146.08,0.5500000000001819,0.0
1790979512838.0,4145.5,4146.05,0.5500000000001819,0.0
1790979513342.0,4145.51,4146.06,0.5500000000001819,0.0
1790979513448.0,4145.5,4146.05,0.5500000000001819,0.0
1790979513920.0,4145.53,4146.08,0.5500000000001819,0.0
1790979514019.0,4145.58,4146.13,0.5500000000001819,0.0
1790979514124.0,4145.55,4146.1,0.5500000000001819,0.0
1790979515088.0,4145.5,4146.05,0.5500000000001819,0.0
1790979515194.0,4145.52,4146.07,0.5499999999992724,0.0
1790979515288.0,4145.63,4146.18,0.5500000000001819,0.0
1790979515388.0,4145.58,4146.13,0.5500000000001819,0.0
1790979515488.0,4145.64,4146.19,0.5499999999992724,0.0
1790979515580.0,4145.63,4146.18,0.5500000000001819,0.0
1790979515738.0,4145.62,4146.18,0.5600000000004002,0.0
1790979515811.0,4145.62,4146.17,0.5500000000001819,0.0
1790979516088.0,4145.66,4146.21,0.5500000000001819,0.0
1790979516192.0,4145.62,4146.16,0.5399999999999636,0.0
1790979516289.0,4145.67,4146.22,0.5500000000001819,0.0
1790979516390.0,4145.71,4146.26,0.5500000000001819,0.0
1790979516471.0,4145.7,4146.25,0.5500000000001819,0.0
1790979516542.0,4145.68,4146.23,0.5499999999992724,0.0
1790979516689.0,4145.55,4146.1,0.5500000000001819,0.0
1790979516764.0,4145.53,4146.08,0.5500000000001819,0.0
1790979517139.0,4145.61,4146.16,0.5500000000001819,0.0
1790979517238.0,4145.6,4146.15,0.5499999999992724,0.0
1790979517337.0,4145.58,4146.13,0.5500000000001819,0.0
1790979517606.0,4145.6,4146.15,0.5499999999992724,0.0
1790979517738.0,4145.62,4146.17,0.5500000000001819,0.0
1790979517838.0,4145.64,4146.19,0.5499999999992724,0.0
1790979517937.0,4145.65,4146.2,0.5500000000001819,0.0
1790979518195.0,4145.61,4146.16,0.5500000000001819,0.0
1790979518339.0,4145.65,4146.2,0.5500000000001819,0.0
1790979518411.0,4145.6,4146.15,0.5499999999992724,0.0
1790979518545.0,4145.61,4146.17,0.5600000000004002,0.0
1790979518938.0,4145.6,4146.15,0.5499999999992724,0.0
1790979519064.0,4145.61,4146.17,0.5600000000004002,0.0
1790979519138.0,4145.63,4146.18,0.5500000000001819,0.0
1790979519301.0,4145.64,4146.19,0.5499999999992724,0.0
1790979519389.0,4145.69,4146.24,0.5500000000001819,0.0
1790979519551.0,4145.65,4146.2,0.5500000000001819,0.0
1790979519794.0,4145.67,4146.23,0.5599999999994907,0.0
1790979519996.0,4145.69,4146.24,0.5500000000001819,0.0
1790979520244.0,4145.76,4146.31,0.5500000000001819,0.0
1790979520340.0,4145.75,4146.3,0.5500000000001819,0.0
1790979520492.0,4145.72,4146.27,0.5500000000001819,0.0
1790979520589.0,4145.79,4146.34,0.5500000000001819,0.0
1790979520691.0,4145.77,4146.32,0.5499999999992724,0.0
1790979520893.0,4145.75,4146.3,0.5500000000001819,0.0
1790979520987.0,4145.76,4146.31,0.5500000000001819,0.0
1790979521089.0,4145.74,4146.29,0.5500000000001819,0.0
1790979521165.0,4145.75,4146.3,0.5500000000001819,0.0
1790979521443.0,4145.67,4146.22,0.5500000000001819,0.0
1790979521542.0,4145.61,4146.16,0.5500000000001819,0.0
1790979521692.0,4145.64,4146.19,0.5499999999992724,0.0
1790979522090.0,4145.61,4146.16,0.5500000000001819,0.0
1790979522604.0,4145.62,4146.17,0.5500000000001819,0.0
1790979523188.0,4145.74,4146.29,0.5500000000001819,0.0
1790979523292.0,4145.62,4146.17,0.5500000000001819,0.0
1790979523370.0,4145.64,4146.19,0.5499999999992724,0.0
1790979523494.0,4145.6,4146.15,0.5499999999992724,0.0
1790979524405.0,4145.61,4146.16,0.5500000000001819,0.0
1790979524487.0,4145.58,4146.13,0.5500000000001819,0.0
1790979524589.0,4145.57,4146.12,0.5500000000001819,0.0
1790979524696.0,4145.54,4146.09,0.5500000000001819,0.0
1790979525090.0,4145.59,4146.14,0.5500000000001819,0.0
1790979525376.0,4145.6,4146.15,0.5499999999992724,0.0
1790979525482.0,4145.61,4146.16,0.5500000000001819,0.0
1790979525645.0,4145.78,4146.33,0.5500000000001819,0.0
1790979525738.0,4145.76,4146.31,0.5500000000001819,0.0
1790979526139.0,4145.78,4146.33,0.5500000000001819,0.0
1790979526239.0,4145.8,4146.35,0.5500000000001819,0.0
1790979526338.0,4145.85,4146.4,0.5499999999992724,0.0
1790979526439.0,4145.83,4146.38,0.5500000000001819,0.0
1790979526538.0,4145.85,4146.4,0.5499999999992724,0.0
1790979526641.0,4145.9,4146.46,0.5600000000004002,0.0
1790979526738.0,4146.06,4146.61,0.5499999999992724,0.0
1790979526838.0,4146.03,4146.58,0.5500000000001819,0.0
1790979526946.0,4146.0,4146.55,0.5500000000001819,0.0
1790979527038.0,4146.04,4146.59,0.5500000000001819,0.0
1790979527139.0,4146.03,4146.58,0.5500000000001819,0.0
1790979527240.0,4146.01,4146.56,0.5500000000001819,0.0
1790979527340.0,4146.08,4146.63,0.5500000000001819,0.0
1790979527439.0,4146.02,4146.57,0.5499999999992724,0.0
1790979527639.0,4146.09,4146.64,0.5500000000001819,0.0
1790979527738.0,4146.13,4146.68,0.5500000000001819,0.0
1790979527838.0,4146.09,4146.64,0.5500000000001819,0.0
1790979527956.0,4146.05,4146.6,0.5500000000001819,0.0
1790979528039.0,4146.2,4146.74,0.5399999999999636,0.0
1790979528114.0,4146.19,4146.73,0.5399999999999636,0.0
1790979528738.0,4146.21,4146.75,0.5399999999999636,0.0
1790979528838.0,4146.27,4146.82,0.5499999999992724,0.0
1790979528930.0,4146.23,4146.78,0.5500000000001819,0.0
1790979529838.0,4146.26,4146.81,0.5500000000001819,0.0
1790979529965.0,4146.27,4146.82,0.5499999999992724,0.0
1790979530088.0,4146.22,4146.77,0.5500000000001819,0.0
1790979530353.0,4146.25,4146.8,0.5500000000001819,0.0
1790979530439.0,4146.23,4146.78,0.5500000000001819,0.0
1790979530740.0,4146.14,4146.69,0.5499999999992724,0.0
1790979530865.0,4146.2,4146.75,0.5500000000001819,0.0
1790979531638.0,4146.13,4146.68,0.5500000000001819,0.0
1790979531863.0,4146.19,4146.74,0.5500000000001819,0.0
1790979531990.0,4146.16,4146.71,0.5500000000001819,0.0
1790979532440.0,4146.14,4146.69,0.5499999999992724,0.0
1790979532546.0,4146.19,4146.74,0.5500000000001819,0.0
1790979532641.0,4146.21,4146.76,0.5500000000001819,0.0
1790979532959.0,4146.16,4146.71,0.5500000000001819,0.0
1790979533039.0,4146.15,4146.7,0.5500000000001819,0.0
1790979533443.0,4146.06,4146.6,0.5399999999999636,0.0
1790979533578.0,4146.11,4146.66,0.5500000000001819,0.0
1790979533677.0,4146.18,4146.73,0.5499999999992724,0.0
1790979534239.0,4146.09,4146.64,0.5500000000001819,0.0
1790979534338.0,4146.07,4146.62,0.5500000000001819,0.0
1790979534489.0,4146.06,4146.61,0.5499999999992724,0.0
1790979534592.0,4146.16,4146.71,0.5500000000001819,0.0
1790979534706.0,4146.09,4146.64,0.5500000000001819,0.0
1790979534989.0,4146.12,4146.67,0.5500000000001819,0.0
1790979535088.0,4146.26,4146.81,0.5500000000001819,0.0
1790979535297.0,4146.23,4146.78,0.5500000000001819,0.0
1790979535448.0,4146.26,4146.81,0.5500000000001819,0.0
1790979535538.0,4146.27,4146.82,0.5499999999992724,0.0
1790979535640.0,4146.47,4147.02,0.5500000000001819,0.0
1790979535738.0,4146.6,4147.15,0.5499999999992724,0.0
1790979535838.0,4146.56,4147.11,0.5499999999992724,0.0
1790979535988.0,4146.54,4147.09,0.5500000000001819,0.0
1790979536096.0,4146.65,4147.2,0.5500000000001819,0.0
1790979536199.0,4146.57,4147.12,0.5500000000001819,0.0
1790979536588.0,4146.5,4147.05,0.5500000000001819,0.0
1790979536689.0,4146.62,4147.17,0.5500000000001819,0.0
1790979536792.0,4146.59,4147.14,0.5500000000001819,0.0
1790979537090.0,4146.64,4147.19,0.5499999999992724,0.0
1790979537241.0,4146.67,4147.22,0.5500000000001819,0.0
1790979537342.0,4146.77,4147.32,0.5499999999992724,0.0
1790979537442.0,4146.76,4147.31,0.5500000000001819,0.0
1790979537540.0,4146.72,4147.27,0.5500000000001819,0.0
1790979537639.0,4146.69,4147.24,0.5500000000001819,0.0
1790979537738.0,4146.75,4147.3,0.5500000000001819,0.0
1790979537847.0,4146.65,4147.2,0.5500000000001819,0.0
1790979538111.0,4146.69,4147.24,0.5500000000001819,0.0
1790979538188.0,4146.66,4147.21,0.5500000000001819,0.0
1790979539087.0,4146.6,4147.15,0.5499999999992724,0.0
1790979539222.0,4146.63,4147.18,0.5500000000001819,0.0
1790979539494.0,4146.59,4147.14,0.5500000000001819,0.0
1790979539592.0,4146.55,4147.1,0.5500000000001819,0.0
1790979539690.0,4146.57,4147.12,0.5500000000001819,0.0
1790979540590.0,4146.51,4147.06,0.5500000000001819,0.0
1790979540690.0,4146.6,4147.15,0.5499999999992724,0.0
1790979540788.0,4146.59,4147.14,0.5500000000001819,0.0
1790979541341.0,4146.45,4147.0,0.5500000000001819,0.0
1790979541438.0,4146.4,4146.95,0.5500000000001819,0.0
1790979541589.0,4146.38,4146.93,0.5500000000001819,0.0
1790979541742.0,4146.4,4146.95,0.5500000000001819,0.0
1790979542148.0,4146.45,4147.0,0.5500000000001819,0.0
1790979542288.0,4146.68,4147.23,0.5499999999992724,0.0
1790979542363.0,4146.62,4147.17,0.5500000000001819,0.0
1790979542688.0,4146.62,4147.18,0.5600000000004002,0.0
1790979542766.0,4146.57,4147.12,0.5500000000001819,0.0
1790979542868.0,4146.59,4147.14,0.5500000000001819,0.0
1790979542940.0,4146.62,4147.17,0.5500000000001819,0.0
1790979543038.0,4146.63,4147.18,0.5500000000001819,0.0
1790979543889.0,4146.57,4147.12,0.5500000000001819,0.0
1790979543988.0,4146.6,4147.15,0.5499999999992724,0.0
1790979544058.0,4146.57,4147.12,0.5500000000001819,0.0
1790979544239.0,4146.55,4147.1,0.5500000000001819,0.0
1790979544438.0,4146.69,4147.24,0.5500000000001819,0.0
1790979544541.0,4146.64,4147.19,0.5499999999992724,0.0
1790979544639.0,4146.6,4147.15,0.5499999999992724,0.0
1790979544846.0,4146.57,4147.12,0.5500000000001819,0.0
1790979545341.0,4146.59,4147.14,0.5500000000001819,0.0
1790979545439.0,4146.57,4147.13,0.5600000000004002,0.0
1790979545512.0,4146.57,4147.12,0.5500000000001819,0.0
1790979545893.0,4146.52,4147.06,0.5399999999999636,0.0
1790979546092.0,4146.57,4147.12,0.5500000000001819,0.0
1790979546188.0,4146.34,4146.89,0.5500000000001819,0.0
1790979546297.0,4146.23,4146.78,0.5500000000001819,0.0
1790979546438.0,4146.3,4146.85,0.5500000000001819,0.0
1790979546508.0,4146.22,4146.77,0.5500000000001819,0.0
1790979547188.0,4146.35,4146.9,0.5499999999992724,0.0
1790979547302.0,4146.49,4147.04,0.5500000000001819,0.0
1790979547451.0,4146.43,4146.98,0.5499999999992724,0.0
1790979548089.0,4146.49,4147.04,0.5500000000001819,0.0
1790979548190.0,4146.46,4147.01,0.5500000000001819,0.0
1790979548688.0,4146.4,4146.95,0.5500000000001819,0.0
1790979548790.0,4146.34,4146.89,0.5500000000001819,0.0
1790979549037.0,4146.36,4146.91,0.5500000000001819,0.0
1790979549138.0,4146.37,4146.92,0.5500000000001819,0.0
1790979549544.0,4146.24,4146.79,0.5500000000001819,0.0
1790979549642.0,4146.23,4146.78,0.5500000000001819,0.0
1790979549889.0,4146.29,4146.84,0.5500000000001819,0.0
1790979550188.0,4146.28,4146.83,0.5500000000001819,0.0
1790979550338.0,4146.21,4146.77,0.5600000000004002,0.0
1790979550438.0,4146.16,4146.71,0.5500000000001819,0.0
1790979550537.0,4146.14,4146.69,0.5499999999992724,0.0
1790979550638.0,4146.17,4146.72,0.5500000000001819,0.0
1790979550714.0,4146.12,4146.67,0.5500000000001819,0.0
1790979551238.0,4146.24,4146.79,0.5500000000001819,0.0
1790979551327.0,4146.25,4146.8,0.5500000000001819,0.0
1790979551538.0,4146.23,4146.78,0.5500000000001819,0.0
1790979551639.0,4146.3,4146.86,0.5599999999994907,0.0
1790979551731.0,4146.32,4146.87,0.5500000000001819,0.0
1790979551895.0,4146.3,4146.85,0.5500000000001819,0.0
1790979552024.0,4146.29,4146.85,0.5600000000004002,0.0
1790979552125.0,4146.28,4146.83,0.5500000000001819,0.0
1790979552241.0,4146.34,4146.89,0.5500000000001819,0.0
1790979552495.0,4146.51,4147.06,0.5500000000001819,0.0
1790979552572.0,4146.54,4147.09,0.5500000000001819,0.0
1790979552686.0,4146.52,4147.07,0.5499999999992724,0.0
1790979552791.0,4146.51,4147.06,0.5500000000001819,0.0
1790979552893.0,4146.41,4146.96,0.5500000000001819,0.0
1790979552991.0,4146.42,4146.97,0.5500000000001819,0.0
1790979553139.0,4146.39,4146.94,0.5499999999992724,0.0
1790979553946.0,4146.36,4146.91,0.5500000000001819,0.0
1790979554044.0,4146.39,4146.94,0.5499999999992724,0.0
1790979554143.0,4146.2,4146.74,0.5399999999999636,0.0
1790979554240.0,4146.24,4146.79,0.5500000000001819,0.0
1790979554589.0,4146.11,4146.66,0.5500000000001819,0.0
1790979554659.0,4146.14,4146.69,0.5499999999992724,0.0
1790979554997.0,4146.24,4146.79,0.5500000000001819,0.0
1790979555093.0,4146.22,4146.77,0.5500000000001819,0.0
1790979555194.0,4146.21,4146.77,0.5600000000004002,0.0
1790979555312.0,4146.25,4146.8,0.5500000000001819,0.0
1790979555468.0,4146.22,4146.77,0.5500000000001819,0.0
1790979555543.0,4146.19,4146.74,0.5500000000001819,0.0
1790979555642.0,4146.3,4146.85,0.5500000000001819,0.0
1790979555740.0,4146.38,4146.93,0.5500000000001819,0.0
1790979555824.0,4146.46,4147.01,0.5500000000001819,0.0
1790979556190.0,4146.49,4147.04,0.5500000000001819,0.0
1790979556292.0,4146.71,4147.26,0.5500000000001819,0.0
1790979556389.0,4146.67,4147.22,0.5500000000001819,0.0
1790979557439.0,4146.68,4147.23,0.5499999999992724,0.0
1790979558108.0,4146.69,4147.24,0.5500000000001819,0.0
1790979558268.0,4146.68,4147.23,0.5499999999992724,0.0
1790979558438.0,4146.66,4147.21,0.5500000000001819,0.0
1790979558953.0,4146.56,4147.11,0.5499999999992724,0.0
1790979559057.0,4146.54,4147.09,0.5500000000001819,0.0
1790979559270.0,4146.51,4147.06,0.5500000000001819,0.0
1790979559694.0,4146.4,4146.95,0.5500000000001819,0.0
1790979559790.0,4146.46,4147.0,0.5399999999999636,0.0
1790979559892.0,4146.44,4146.98,0.5399999999999636,0.0
1790979560039.0,4146.47,4147.01,0.5399999999999636,0.0
1790979560145.0,4146.46,4147.01,0.5500000000001819,0.0
1790979560223.0,4146.47,4147.01,0.5399999999999636,0.0
1790979560988.0,4146.46,4147.01,0.5500000000001819,0.0
1790979561088.0,4146.42,4146.96,0.5399999999999636,0.0
1790979561472.0,4146.44,4146.98,0.5399999999999636,0.0
1790979561588.0,4146.56,4147.11,0.5499999999992724,0.0
1790979561738.0,4146.55,4147.1,0.5500000000001819,0.0
1790979561838.0,4146.63,4147.16,0.5299999999997453,0.0
1790979561938.0,4146.64,4147.17,0.5299999999997453,0.0
1790979562143.0,4146.69,4147.22,0.5300000000006548,0.0
1790979562237.0,4146.69,4147.23,0.5399999999999636,0.0
1790979562339.0,4146.68,4147.22,0.5399999999999636,0.0
1790979562437.0,4146.67,4147.2,0.5299999999997453,0.0
1790979562522.0,4146.68,4147.22,0.5399999999999636,0.0
1790979562642.0,4146.72,4147.25,0.5299999999997453,0.0
1790979562732.0,4146.56,4147.1,0.5399999999999636,0.0
1790979562988.0,4146.7,4147.24,0.5399999999999636,0.0
1790979563288.0,4146.56,4147.1,0.5399999999999636,0.0
1790979563589.0,4146.7,4147.24,0.5399999999999636,0.0
1790979563764.0,4146.72,4147.26,0.5399999999999636,0.0
1790979563888.0,4146.57,4147.11,0.5399999999999636,0.0
1790979564238.0,4146.6,4147.15,0.5499999999992724,0.0
1790979564387.0,4146.64,4147.19,0.5499999999992724,0.0
1790979564489.0,4146.58,4147.13,0.5500000000001819,0.0
1790979564589.0,4146.55,4147.1,0.5500000000001819,0.0
1790979564691.0,4146.61,4147.16,0.5500000000001819,0.0
1790979564798.0,4146.47,4147.02,0.5500000000001819,0.0
1790979565089.0,4146.31,4146.87,0.5599999999994907,0.0
1790979565190.0,4146.27,4146.82,0.5499999999992724,0.0
1790979565283.0,4146.38,4146.93,0.5500000000001819,0.0
1790979565388.0,4146.4,4146.95,0.5500000000001819,0.0
1790979566093.0,4146.57,4147.13,0.5600000000004002,0.0
1790979566188.0,4146.76,4147.31,0.5500000000001819,0.0
1790979566289.0,4146.71,4147.26,0.5500000000001819,0.0
1790979566412.0,4146.75,4147.3,0.5500000000001819,0.0
1790979566565.0,4146.76,4147.31,0.5500000000001819,0.0
1790979566738.0,4146.75,4147.3,0.5500000000001819,0.0
1790979566839.0,4146.5,4147.05,0.5500000000001819,0.0
1790979566939.0,4146.42,4146.97,0.5500000000001819,0.0
1790979567090.0,4146.4,4146.96,0.5600000000004002,0.0
1790979567188.0,4146.47,4147.02,0.5500000000001819,0.0
1790979567289.0,4146.43,4146.98,0.5499999999992724,0.0
1790979568093.0,4146.36,4146.91,0.5500000000001819,0.0
1790979568196.0,4146.38,4146.93,0.5500000000001819,0.0
1790979568491.0,4146.34,4146.89,0.5500000000001819,0.0
1790979569192.0,4146.37,4146.92,0.5500000000001819,0.0
1790979569440.0,4146.33,4146.88,0.5500000000001819,0.0
1790979569742.0,4146.37,4146.92,0.5500000000001819,0.0
1790979569837.0,4146.34,4146.89,0.5500000000001819,0.0
1790979570014.0,4146.31,4146.86,0.5499999999992724,0.0
1790979570215.0,4146.34,4146.89,0.5500000000001819,0.0
1790979570643.0,4146.19,4146.74,0.5500000000001819,0.0
1790979570746.0,4146.21,4146.76,0.5500000000001819,0.0
1790979570837.0,4146.16,4146.71,0.5500000000001819,0.0
1790979570937.0,4146.12,4146.67,0.5500000000001819,0.0
1790979571048.0,4146.17,4146.73,0.5599999999994907,0.0
1790979571137.0,4146.13,4146.68,0.5500000000001819,0.0
1790979571390.0,4146.1,4146.65,0.5499999999992724,0.0
1790979571688.0,4146.08,4146.63,0.5500000000001819,0.0
1790979571796.0,4146.07,4146.62,0.5500000000001819,0.0
1790979572253.0,4145.98,4146.53,0.5500000000001819,0.0
1790979572339.0,4146.01,4146.56,0.5500000000001819,0.0
1790979572458.0,4145.91,4146.46,0.5500000000001819,0.0
1790979572788.0,4146.18,4146.71,0.5299999999997453,0.0
1790979572873.0,4146.29,4146.84,0.5500000000001819,0.0
1790979573340.0,4146.27,4146.82,0.5499999999992724,0.0
1790979573437.0,4146.26,4146.81,0.5500000000001819,0.0
1790979573533.0,4146.23,4146.78,0.5500000000001819,0.0
1790979573993.0,4146.08,4146.63,0.5500000000001819,0.0
1790979574071.0,4146.15,4146.7,0.5500000000001819,0.0
1790979575234.0,4146.16,4146.71,0.5500000000001819,0.0
1790979575523.0,4146.15,4146.7,0.5500000000001819,0.0
1790979575639.0,4146.04,4146.59,0.5500000000001819,0.0
1790979575992.0,4145.92,4146.47,0.5500000000001819,0.0
1790979576093.0,4145.91,4146.46,0.5500000000001819,0.0
1790979576192.0,4146.3,4146.85,0.5500000000001819,0.0
1790979576275.0,4146.23,4146.78,0.5500000000001819,0.0
1790979576453.0,4146.16,4146.71,0.5500000000001819,0.0
1790979576720.0,4146.15,4146.7,0.5500000000001819,0.0
1790979576791.0,4146.14,4146.69,0.5499999999992724,0.0
1790979576873.0,4146.08,4146.63,0.5500000000001819,0.0
1790979577039.0,4146.13,4146.68,0.5500000000001819,0.0
1790979577141.0,4146.11,4146.66,0.5500000000001819,0.0
1790979577241.0,4146.4,4146.95,0.5500000000001819,0.0
1790979577339.0,4146.34,4146.89,0.5500000000001819,0.0
1790979577638.0,4146.36,4146.91,0.5500000000001819,0.0
1790979577712.0,4146.4,4146.95,0.5500000000001819,0.0
1790979577891.0,4146.63,4147.18,0.5500000000001819,0.0
1790979577968.0,4146.65,4147.2,0.5500000000001819,0.0
1790979578067.0,4146.64,4147.19,0.5499999999992724,0.0
1790979579315.0,4146.66,4147.21,0.5500000000001819,0.0
1790979579594.0,4146.56,4147.11,0.5499999999992724,0.0
1790979579670.0,4146.59,4147.14,0.5500000000001819,0.0
1790979580040.0,4146.57,4147.12,0.5500000000001819,0.0
1790979580164.0,4146.59,4147.14,0.5500000000001819,0.0
1790979580238.0,4146.62,4147.17,0.5500000000001819,0.0
1790979580938.0,4146.61,4147.16,0.5500000000001819,0.0
1790979581191.0,4146.64,4147.19,0.5499999999992724,0.0
1790979581287.0,4146.56,4147.11,0.5499999999992724,0.0
1790979581388.0,4146.43,4146.98,0.5499999999992724,0.0
1790979581794.0,4146.35,4146.91,0.5599999999994907,0.0
1790979581888.0,4146.35,4146.9,0.5499999999992724,0.0
1790979582039.0,4146.4,4146.95,0.5500000000001819,0.0
1790979582238.0,4146.33,4146.88,0.5500000000001819,0.0
1790979582338.0,4146.28,4146.83,0.5500000000001819,0.0
1790979582443.0,4146.38,4146.94,0.5599999999994907,0.0
1790979582539.0,4146.31,4146.86,0.5499999999992724,0.0
1790979582638.0,4146.33,4146.88,0.5500000000001819,0.0
1790979582941.0,4146.34,4146.89,0.5500000000001819,0.0
1790979583372.0,4146.32,4146.87,0.5500000000001819,0.0
1790979583474.0,4146.31,4146.86,0.5499999999992724,0.0
1790979583738.0,4146.39,4146.94,0.5499999999992724,0.0
1790979583839.0,4146.37,4146.92,0.5500000000001819,0.0
1790979583937.0,4146.36,4146.91,0.5500000000001819,0.0
1790979584040.0,4146.38,4146.93,0.5500000000001819,0.0
1790979584143.0,4146.36,4146.91,0.5500000000001819,0.0
1790979584591.0,4146.32,4146.87,0.5500000000001819,0.0
1790979584940.0,4146.28,4146.83,0.5500000000001819,0.0
1790979585098.0,4146.3,4146.85,0.5500000000001819,0.0
1790979585236.0,4146.29,4146.85,0.5600000000004002,0.0
1790979585337.0,4146.33,4146.88,0.5500000000001819,0.0
1790979586543.0,4146.26,4146.81,0.5500000000001819,0.0
1790979587838.0,4146.27,4146.82,0.5499999999992724,0.0
1790979588212.0,4146.32,4146.87,0.5500000000001819,0.0
1790979588585.0,4146.35,4146.9,0.5499999999992724,0.0
1790979588888.0,4146.38,4146.93,0.5500000000001819,0.0
1790979590944.0,4146.51,4147.07,0.5599999999994907,0.0
1790979591038.0,4146.56,4147.11,0.5499999999992724,0.0
1790979591239.0,4146.53,4147.08,0.5500000000001819,0.0
1790979591688.0,4146.52,4147.07,0.5499999999992724,0.0
1790979591950.0,4146.51,4147.06,0.5500000000001819,0.0
1790979592330.0,4146.47,4147.02,0.5500000000001819,0.0
1790979592437.0,4146.52,4147.07,0.5499999999992724,0.0
1790979592711.0,4146.47,4147.02,0.5500000000001819,0.0
1790979593450.0,4146.53,4147.08,0.5500000000001819,0.0
1790979593542.0,4146.55,4147.1,0.5500000000001819,0.0
1790979594041.0,4146.52,4147.07,0.5499999999992724,0.0
1790979594189.0,4146.54,4147.1,0.5600000000004002,0.0
1790979594286.0,4146.49,4147.04,0.5500000000001819,0.0
1790979594440.0,4146.43,4146.98,0.5499999999992724,0.0
1790979594596.0,4146.45,4147.0,0.5500000000001819,0.0
1790979594795.0,4146.52,4147.07,0.5499999999992724,0.0
1790979594889.0,4146.53,4147.08,0.5500000000001819,0.0
1790979595052.0,4146.49,4147.04,0.5500000000001819,0.0
1790979595188.0,4146.51,4147.06,0.5500000000001819,0.0
1790979595557.0,4146.52,4147.07,0.5499999999992724,0.0
1790979595737.0,4146.51,4147.06,0.5500000000001819,0.0
1790979595864.0,4146.5,4147.05,0.5500000000001819,0.0
1790979596190.0,4146.54,4147.09,0.5500000000001819,0.0
1790979596288.0,4146.56,4147.11,0.5499999999992724,0.0
1790979596391.0,4146.54,4147.09,0.5500000000001819,0.0
1790979596488.0,4146.46,4147.01,0.5500000000001819,0.0
1790979596603.0,4146.31,4146.86,0.5499999999992724,0.0
1790979596768.0,4146.33,4146.88,0.5500000000001819,0.0
1790979597290.0,4146.31,4146.86,0.5499999999992724,0.0
1790979597445.0,4146.34,4146.89,0.5500000000001819,0.0
1790979598238.0,4146.28,4146.83,0.5500000000001819,0.0
1790979598310.0,4146.26,4146.81,0.5500000000001819,0.0
1790979598441.0,4146.26,4146.82,0.5599999999994907,0.0
1790979598539.0,4146.24,4146.79,0.5500000000001819,0.0
1790979598613.0,4146.29,4146.84,0.5500000000001819,0.0
1790979598691.0,4146.21,4146.77,0.5600000000004002,0.0
1790979598790.0,4146.28,4146.83,0.5500000000001819,0.0
1790979598866.0,4146.23,4146.78,0.5500000000001819,0.0
1790979598988.0,4146.24,4146.79,0.5500000000001819,0.0
1790979599088.0,4146.23,4146.78,0.5500000000001819,0.0
1790979599238.0,4146.21,4146.76,0.5500000000001819,0.0
1790979599329.0,4146.23,4146.78,0.5500000000001819,0.0
1790979599412.0,4146.33,4146.87,0.5399999999999636,0.0
1790979599492.0,4146.41,4146.96,0.5500000000001819,0.0
1790979599592.0,4146.49,4147.04,0.5500000000001819,0.0
1790979599670.0,4146.36,4146.91,0.5500000000001819,0.0
1790979599742.0,4146.37,4146.92,0.5500000000001819,0.0
1790979599838.0,4146.47,4147.02,0.5500000000001819,0.0
1790979599937.0,4146.45,4147.0,0.5500000000001819,0.0
1790979600094.0,4146.46,4147.01,0.5500000000001819,0.0
1790979600241.0,4146.51,4147.06,0.5500000000001819,0.0
1790979600346.0,4146.48,4147.03,0.5500000000001819,0.0
1790979600497.0,4146.52,4147.07,0.5499999999992724,0.0
1790979600593.0,4146.53,4147.08,0.5500000000001819,0.0
1790979600739.0,4146.66,4147.21,0.5500000000001819,0.0
1790979600842.0,4146.56,4147.11,0.5499999999992724,0.0
1790979600938.0,4146.53,4147.08,0.5500000000001819,0.0
1790979601210.0,4146.49,4147.04,0.5500000000001819,0.0
1790979601362.0,4146.48,4147.03,0.5500000000001819,0.0
1790979601838.0,4146.52,4147.07,0.5499999999992724,0.0
1790979601937.0,4146.51,4147.06,0.5500000000001819,0.0
1790979602052.0,4146.62,4147.17,0.5500000000001819,0.0
1790979602142.0,4146.59,4147.14,0.5500000000001819,0.0
1790979602242.0,4146.72,4147.27,0.5500000000001819,0.0
1790979602349.0,4146.71,4147.27,0.5600000000004002,0.0
1790979602453.0,4146.76,4147.31,0.5500000000001819,0.0
1790979602591.0,4146.74,4147.29,0.5500000000001819,0.0
1790979602687.0,4146.71,4147.27,0.5600000000004002,0.0
1790979602855.0,4146.73,4147.28,0.5500000000001819,0.0
1790979602936.0,4146.75,4147.3,0.5500000000001819,0.0
1790979603039.0,4146.83,4147.38,0.5500000000001819,0.0
1790979603110.0,4146.79,4147.34,0.5500000000001819,0.0
1790979603190.0,4146.77,4147.32,0.5499999999992724,0.0
1790979603290.0,4146.71,4147.26,0.5500000000001819,0.0
1790979603388.0,4146.75,4147.3,0.5500000000001819,0.0
1790979603490.0,4146.57,4147.12,0.5500000000001819,0.0
1790979603569.0,4146.52,4147.07,0.5499999999992724,0.0
1790979603940.0,4146.58,4147.13,0.5500000000001819,0.0
1790979604040.0,4146.62,4147.17,0.5500000000001819,0.0
1790979604230.0,4146.59,4147.14,0.5500000000001819,0.0
1790979604330.0,4146.56,4147.11,0.5499999999992724,0.0
1790979604438.0,4146.62,4147.17,0.5500000000001819,0.0
1790979604637.0,4146.58,4147.13,0.5500000000001819,0.0
1790979605495.0,4146.7,4147.25,0.5500000000001819,0.0
1790979605598.0,4146.66,4147.21,0.5500000000001819,0.0
1790979605788.0,4146.7,4147.25,0.5500000000001819,0.0
1790979605902.0,4146.68,4147.23,0.5499999999992724,0.0
1790979606644.0,4146.71,4147.26,0.5500000000001819,0.0
1790979606740.0,4146.62,4147.17,0.5500000000001819,0.0
1790979606841.0,4146.6,4147.15,0.5499999999992724,0.0
1790979606954.0,4146.68,4147.23,0.5499999999992724,0.0
1790979607138.0,4146.61,4147.16,0.5500000000001819,0.0
1790979607289.0,4146.59,4147.14,0.5500000000001819,0.0
1790979607801.0,4146.58,4147.13,0.5500000000001819,0.0
1790979608095.0,4146.65,4147.2,0.5500000000001819,0.0
1790979608191.0,4146.74,4147.29,0.5500000000001819,0.0
1790979608288.0,4146.72,4147.27,0.5500000000001819,0.0
1790979608396.0,4146.74,4147.29,0.5500000000001819,0.0
1790979608590.0,4146.67,4147.22,0.5500000000001819,0.0
1790979608691.0,4146.71,4147.26,0.5500000000001819,0.0
1790979608780.0,4146.69,4147.24,0.5500000000001819,0.0
1790979608999.0,4146.72,4147.27,0.5500000000001819,0.0
1790979609092.0,4146.69,4147.24,0.5500000000001819,0.0
1790979609890.0,4146.68,4147.23,0.5499999999992724,0.0
1790979610018.0,4146.69,4147.24,0.5500000000001819,0.0
1790979610795.0,4146.66,4147.21,0.5500000000001819,0.0
1790979610888.0,4146.72,4147.27,0.5500000000001819,0.0
1790979610995.0,4146.62,4147.17,0.5500000000001819,0.0
1790979611094.0,4146.63,4147.18,0.5500000000001819,0.0
1790979611438.0,4146.58,4147.14,0.5600000000004002,0.0
1790979611536.0,4146.64,4147.19,0.5499999999992724,0.0
1790979611610.0,4146.61,4147.16,0.5500000000001819,0.0
1790979612289.0,4146.65,4147.2,0.5500000000001819,0.0
1790979612438.0,4146.7,4147.25,0.5500000000001819,0.0
1790979612538.0,4146.73,4147.28,0.5500000000001819,0.0
1790979612737.0,4146.7,4147.25,0.5500000000001819,0.0
1790979613262.0,4146.77,4147.32,0.5499999999992724,0.0
1790979613391.0,4146.71,4147.27,0.5600000000004002,0.0
1790979613467.0,4146.77,4147.32,0.5499999999992724,0.0
1790979613741.0,4146.65,4147.2,0.5500000000001819,0.0
1790979613838.0,4146.69,4147.24,0.5500000000001819,0.0
1790979613991.0,4146.66,4147.21,0.5500000000001819,0.0
1790979614092.0,4146.68,4147.23,0.5499999999992724,0.0
1790979614188.0,4146.79,4147.34,0.5500000000001819,0.0
1790979614288.0,4147.12,4147.67,0.5500000000001819,0.0
1790979614590.0,4147.07,4147.62,0.5500000000001819,0.0
1790979614690.0,4146.97,4147.53,0.5599999999994907,0.0
1790979614788.0,4147.08,4147.63,0.5500000000001819,0.0
1790979614888.0,4146.97,4147.52,0.5500000000001819,0.0
1790979615138.0,4147.01,4147.56,0.5500000000001819,0.0
1790979615209.0,4147.09,4147.64,0.5500000000001819,0.0
1790979615289.0,4147.07,4147.62,0.5500000000001819,0.0
1790979615839.0,4147.05,4147.61,0.5599999999994907,0.0
1790979615937.0,4146.91,4147.47,0.5600000000004002,0.0
1790979616038.0,4146.8,4147.36,0.5599999999994907,0.0
1790979616154.0,4146.79,4147.35,0.5600000000004002,0.0
1790979616238.0,4146.53,4147.09,0.5600000000004002,0.0
1790979616337.0,4146.56,4147.12,0.5599999999994907,0.0
1790979616688.0,4146.58,4147.14,0.5600000000004002,0.0
1790979616792.0,4146.73,4147.29,0.5600000000004002,0.0
1790979616914.0,4146.78,4147.33,0.5500000000001819,0.0
1790979617238.0,4147.02,4147.57,0.5499999999992724,0.0
1790979617337.0,4147.05,4147.61,0.5599999999994907,0.0
1790979617447.0,4147.03,4147.59,0.5600000000004002,0.0
1790979617774.0,4147.02,4147.58,0.5599999999994907,0.0
1790979617848.0,4146.98,4147.54,0.5600000000004002,0.0
1790979617926.0,4146.97,4147.53,0.5599999999994907,0.0
1790979618027.0,4146.98,4147.54,0.5600000000004002,0.0
1790979618261.0,4146.97,4147.53,0.5599999999994907,0.0
1790979618589.0,4146.96,4147.52,0.5600000000004002,0.0
1790979618679.0,4146.97,4147.53,0.5599999999994907,0.0
1790979618785.0,4146.95,4147.51,0.5600000000004002,0.0
1790979618884.0,4146.96,4147.52,0.5600000000004002,0.0
1790979619438.0,4146.84,4147.38,0.5399999999999636,0.0
1790979619539.0,4146.9,4147.45,0.5500000000001819,0.0
1790979619614.0,4146.79,4147.35,0.5600000000004002,0.0
1790979619899.0,4146.8,4147.36,0.5599999999994907,0.0
1790979620002.0,4146.79,4147.35,0.5600000000004002,0.0
1790979620155.0,4146.8,4147.36,0.5599999999994907,0.0
1790979620339.0,4146.71,4147.26,0.5500000000001819,0.0
1790979620438.0,4146.71,4147.27,0.5600000000004002,0.0
1790979620509.0,4146.73,4147.29,0.5600000000004002,0.0
1790979620717.0,4146.72,4147.28,0.5599999999994907,0.0
1790979620822.0,4146.64,4147.18,0.5399999999999636,0.0
1790979621189.0,4146.74,4147.3,0.5600000000004002,0.0
1790979621270.0,4146.74,4147.29,0.5500000000001819,0.0
1790979621477.0,4146.78,4147.33,0.5500000000001819,0.0
1790979621838.0,4146.77,4147.32,0.5499999999992724,0.0
1790979621940.0,4146.78,4147.33,0.5500000000001819,0.0
1790979622488.0,4146.8,4147.35,0.5500000000001819,0.0
1790979622585.0,4146.79,4147.34,0.5500000000001819,0.0
1790979623138.0,4146.76,4147.31,0.5500000000001819,0.0
1790979623239.0,4146.73,4147.29,0.5600000000004002,0.0
1790979623339.0,4146.71,4147.27,0.5600000000004002,0.0
1790979623443.0,4146.71,4147.26,0.5500000000001819,0.0
1790979623568.0,4146.71,4147.27,0.5600000000004002,0.0
1790979623670.0,4146.72,4147.28,0.5599999999994907,0.0
1790979623986.0,4146.71,4147.27,0.5600000000004002,0.0
1790979624327.0,4146.67,4147.23,0.5599999999994907,0.0
1790979624589.0,4146.75,4147.3,0.5500000000001819,0.0
1790979624688.0,4146.83,4147.38,0.5500000000001819,0.0
1790979624772.0,4146.81,4147.36,0.5499999999992724,0.0
1790979624916.0,4146.83,4147.38,0.5500000000001819,0.0
1790979624995.0,4146.78,4147.34,0.5600000000004002,0.0
1790979625241.0,4146.8,4147.36,0.5599999999994907,0.0
1790979625339.0,4146.79,4147.35,0.5600000000004002,0.0
1790979625692.0,4146.57,4147.12,0.5500000000001819,0.0
1790979625788.0,4146.51,4147.07,0.5599999999994907,0.0
1790979625889.0,4146.44,4146.99,0.5500000000001819,0.0
1790979625988.0,4146.36,4146.92,0.5600000000004002,0.0
1790979626442.0,4146.53,4147.08,0.5500000000001819,0.0
1790979626540.0,4146.62,4147.17,0.5500000000001819,0.0
1790979626639.0,4146.63,4147.18,0.5500000000001819,0.0
1790979626735.0,4146.58,4147.13,0.5500000000001819,0.0
1790979626941.0,4146.61,4147.16,0.5500000000001819,0.0
1790979627039.0,4146.64,4147.19,0.5499999999992724,0.0
1790979627237.0,4146.62,4147.17,0.5500000000001819,0.0
1790979627589.0,4146.61,4147.16,0.5500000000001819,0.0
1790979627659.0,4146.62,4147.17,0.5500000000001819,0.0
1790979627888.0,4146.6,4147.16,0.5599999999994907,0.0
1790979628154.0,4146.61,4147.16,0.5500000000001819,0.0
1790979628542.0,4146.66,4147.21,0.5500000000001819,0.0
1790979628648.0,4146.59,4147.14,0.5500000000001819,0.0
1790979628744.0,4146.62,4147.17,0.5500000000001819,0.0
1790979628839.0,4146.62,4147.18,0.5600000000004002,0.0
1790979628940.0,4146.66,4147.21,0.5500000000001819,0.0
1790979629104.0,4146.64,4147.2,0.5599999999994907,0.0
1790979629240.0,4146.6,4147.15,0.5499999999992724,0.0
1790979629338.0,4146.61,4147.16,0.5500000000001819,0.0
1790979629439.0,4146.62,4147.18,0.5600000000004002,0.0
1790979629638.0,4146.68,4147.23,0.5499999999992724,0.0
1790979629790.0,4146.65,4147.2,0.5500000000001819,0.0
1790979629938.0,4146.6,4147.15,0.5499999999992724,0.0
1790979630040.0,4146.61,4147.17,0.5600000000004002,0.0
1790979630634.0,4146.62,4147.18,0.5600000000004002,0.0
1790979630787.0,4146.62,4147.17,0.5500000000001819,0.0
1790979630900.0,4146.61,4147.16,0.5500000000001819,0.0
1790979631037.0,4146.63,4147.19,0.5599999999994907,0.0
1790979631379.0,4146.64,4147.2,0.5599999999994907,0.0
1790979631580.0,4146.63,4147.19,0.5599999999994907,0.0
1790979631987.0,4146.94,4147.49,0.5500000000001819,0.0
1790979632091.0,4146.91,4147.46,0.5500000000001819,0.0
1790979632187.0,4146.96,4147.51,0.5500000000001819,0.0
1790979632695.0,4146.8,4147.35,0.5500000000001819,0.0
1790979632791.0,4146.76,4147.32,0.5599999999994907,0.0
1790979633138.0,4146.78,4147.33,0.5500000000001819,0.0
1790979633602.0,4146.76,4147.31,0.5500000000001819,0.0
1790979634037.0,4146.75,4147.3,0.5500000000001819,0.0
1790979634140.0,4146.57,4147.12,0.5500000000001819,0.0
1790979635088.0,4146.54,4147.1,0.5600000000004002,0.0
1790979635188.0,4146.49,4147.04,0.5500000000001819,0.0
1790979635300.0,4146.56,4147.11,0.5499999999992724,0.0
1790979635389.0,4146.52,4147.08,0.5599999999994907,0.0
1790979635540.0,4146.5,4147.05,0.5500000000001819,0.0
1790979635994.0,4146.63,4147.19,0.5599999999994907,0.0
1790979636065.0,4146.64,4147.2,0.5599999999994907,0.0
1790979636138.0,4146.63,4147.18,0.5500000000001819,0.0
1790979636892.0,4146.82,4147.38,0.5600000000004002,0.0
1790979636990.0,4147.03,4147.58,0.5500000000001819,0.0
1790979637294.0,4147.13,4147.68,0.5500000000001819,0.0
1790979637439.0,4147.12,4147.68,0.5600000000004002,0.0
1790979637537.0,4147.13,4147.68,0.5500000000001819,0.0
1790979637638.0,4147.09,4147.64,0.5500000000001819,0.0
1790979637709.0,4147.05,4147.61,0.5599999999994907,0.0
1790979638139.0,4147.04,4147.6,0.5600000000004002,0.0
1790979638238.0,4147.12,4147.68,0.5600000000004002,0.0
1790979638337.0,4147.14,4147.7,0.5599999999994907,0.0
1790979638438.0,4147.13,4147.69,0.5599999999994907,0.0
1790979638545.0,4147.12,4147.68,0.5600000000004002,0.0
1790979638688.0,4147.11,4147.67,0.5600000000004002,0.0
1790979638900.0,4147.07,4147.62,0.5500000000001819,0.0
1790979639019.0,4147.05,4147.6,0.5500000000001819,0.0
1790979639191.0,4147.12,4147.68,0.5600000000004002,0.0
1790979639272.0,4147.13,4147.69,0.5599999999994907,0.0
1790979640245.0,4147.18,4147.73,0.5499999999992724,0.0
1790979640344.0,4147.15,4147.71,0.5600000000004002,0.0
1790979641388.0,4146.93,4147.47,0.5399999999999636,0.0
1790979641473.0,4146.76,4147.31,0.5500000000001819,0.0
1790979641641.0,4146.83,4147.38,0.5500000000001819,0.0
1790979641732.0,4146.79,4147.34,0.5500000000001819,0.0
1790979641838.0,4146.83,4147.39,0.5600000000004002,0.0
1790979642433.0,4146.84,4147.39,0.5500000000001819,0.0
1790979643038.0,4147.02,4147.58,0.5599999999994907,0.0
1790979643140.0,4146.94,4147.49,0.5500000000001819,0.0
1790979643237.0,4146.93,4147.48,0.5499999999992724,0.0
1790979643348.0,4146.92,4147.47,0.5500000000001819,0.0
1790979643990.0,4147.04,4147.59,0.5500000000001819,0.0
1790979644188.0,4147.01,4147.56,0.5500000000001819,0.0
1790979644263.0,4146.95,4147.5,0.5500000000001819,0.0
1790979644604.0,4146.93,4147.48,0.5499999999992724,0.0
1790979645188.0,4146.91,4147.46,0.5500000000001819,0.0
1790979647040.0,4146.87,4147.42,0.5500000000001819,0.0
1790979647797.0,4146.92,4147.47,0.5500000000001819,0.0
1790979647899.0,4146.91,4147.46,0.5500000000001819,0.0
1790979648908.0,4146.9,4147.45,0.5500000000001819,0.0
1790979649388.0,4146.82,4147.36,0.5399999999999636,0.0
1790979649485.0,4146.91,4147.46,0.5500000000001819,0.0
1790979650086.0,4147.0,4147.54,0.5399999999999636,0.0
1790979650189.0,4146.94,4147.49,0.5500000000001819,0.0
1790979650341.0,4146.91,4147.46,0.5500000000001819,0.0
1790979651090.0,4146.93,4147.48,0.5499999999992724,0.0
1790979651195.0,4146.92,4147.47,0.5500000000001819,0.0
1790979651291.0,4146.93,4147.48,0.5499999999992724,0.0
1790979652139.0,4146.95,4147.5,0.5500000000001819,0.0
1790979652223.0,4146.94,4147.49,0.5500000000001819,0.0
1790979652989.0,4146.86,4147.4,0.5399999999999636,0.0
1790979653089.0,4147.01,4147.55,0.5399999999999636,0.0
1790979653169.0,4146.93,4147.48,0.5499999999992724,0.0
1790979654645.0,4146.96,4147.51,0.5500000000001819,0.0
1790979654746.0,4146.94,4147.49,0.5500000000001819,0.0
1790979655013.0,4146.92,4147.47,0.5500000000001819,0.0
1790979655138.0,4146.91,4147.46,0.5500000000001819,0.0
1790979655237.0,4147.03,4147.58,0.5500000000001819,0.0
1790979655841.0,4146.88,4147.44,0.5599999999994907,0.0
1790979655953.0,4146.97,4147.52,0.5500000000001819,0.0
1790979656489.0,4147.02,4147.57,0.5499999999992724,0.0
1790979656577.0,4147.01,4147.56,0.5500000000001819,0.0
1790979656692.0,4147.02,4147.57,0.5499999999992724,0.0
1790979657096.0,4147.18,4147.74,0.5599999999994907,0.0
1790979657195.0,4147.17,4147.73,0.5599999999994907,0.0
1790979657289.0,4147.24,4147.79,0.5500000000001819,0.0
1790979657403.0,4147.29,4147.84,0.5500000000001819,0.0
1790979657563.0,4147.3,4147.85,0.5500000000001819,0.0
1790979657953.0,4147.27,4147.82,0.5499999999992724,0.0
1790979658038.0,4147.22,4147.77,0.5500000000001819,0.0
1790979658154.0,4147.24,4147.79,0.5500000000001819,0.0
1790979658442.0,4147.07,4147.62,0.5500000000001819,0.0
1790979658538.0,4147.05,4147.6,0.5500000000001819,0.0
1790979658637.0,4147.23,4147.78,0.5500000000001819,0.0
1790979659118.0,4147.21,4147.76,0.5500000000001819,0.0
1790979659190.0,4147.19,4147.74,0.5500000000001819,0.0
1790979659274.0,4147.17,4147.72,0.5500000000001819,0.0
1790979659359.0,4147.08,4147.63,0.5500000000001819,0.0
1790979659439.0,4147.07,4147.62,0.5500000000001819,0.0
1790979659530.0,4147.16,4147.71,0.5500000000001819,0.0
1790979659635.0,4147.14,4147.69,0.5499999999992724,0.0
1790979660091.0,4147.21,4147.76,0.5500000000001819,0.0
1790979660195.0,4147.3,4147.85,0.5500000000001819,0.0
1790979660342.0,4147.28,4147.84,0.5600000000004002,0.0
1790979660441.0,4147.26,4147.81,0.5500000000001819,0.0
1790979660541.0,4147.18,4147.73,0.5499999999992724,0.0
1790979660645.0,4147.04,4147.6,0.5600000000004002,0.0
1790979660790.0,4147.02,4147.57,0.5499999999992724,0.0
1790979660939.0,4147.05,4147.6,0.5500000000001819,0.0
1790979661089.0,4147.07,4147.62,0.5500000000001819,0.0
1790979661174.0,4147.07,4147.63,0.5600000000004002,0.0
1790979661303.0,4147.06,4147.62,0.5599999999994907,0.0
1790979661489.0,4147.03,4147.58,0.5500000000001819,0.0
1790979662141.0,4147.18,4147.74,0.5599999999994907,0.0
1790979662242.0,4147.15,4147.7,0.5500000000001819,0.0
1790979662338.0,4147.09,4147.64,0.5500000000001819,0.0
1790979663092.0,4147.13,4147.68,0.5500000000001819,0.0
1790979663193.0,4147.22,4147.77,0.5500000000001819,0.0
1790979663289.0,4147.28,4147.83,0.5500000000001819,0.0
1790979663850.0,4147.42,4147.96,0.5399999999999636,0.0
1790979663943.0,4147.42,4147.97,0.5500000000001819,0.0
1790979664044.0,4147.44,4147.99,0.5500000000001819,0.0
1790979664142.0,4147.45,4148.01,0.5600000000004002,0.0
1790979664348.0,4147.44,4148.0,0.5600000000004002,0.0
1790979664437.0,4147.45,4148.01,0.5600000000004002,0.0
1790979664548.0,4147.42,4147.98,0.5599999999994907,0.0
1790979665498.0,4147.31,4147.86,0.5499999999992724,0.0
1790979665588.0,4147.29,4147.84,0.5500000000001819,0.0
1790979665690.0,4147.39,4147.94,0.5499999999992724,0.0
1790979665791.0,4147.36,4147.92,0.5600000000004002,0.0
1790979665889.0,4147.34,4147.89,0.5500000000001819,0.0
1790979665989.0,4147.36,4147.92,0.5600000000004002,0.0
1790979666090.0,4147.49,4148.04,0.5500000000001819,0.0
1790979666189.0,4147.56,4148.11,0.5499999999992724,0.0
1790979666288.0,4147.3,4147.85,0.5500000000001819,0.0
1790979666388.0,4147.37,4147.92,0.5500000000001819,0.0
1790979666461.0,4147.37,4147.93,0.5600000000004002,0.0
1790979667248.0,4147.38,4147.93,0.5500000000001819,0.0
1790979667389.0,4147.39,4147.94,0.5499999999992724,0.0
1790979668051.0,4147.35,4147.91,0.5599999999994907,0.0
1790979668396.0,4147.31,4147.87,0.5599999999994907,0.0
1790979668489.0,4147.27,4147.82,0.5499999999992724,0.0
1790979668744.0,4147.11,4147.65,0.5399999999999636,0.0
1790979668838.0,4147.03,4147.58,0.5500000000001819,0.0
1790979669542.0,4146.89,4147.45,0.5599999999994907,0.0
1790979669638.0,4146.94,4147.49,0.5500000000001819,0.0
1790979669751.0,4146.92,4147.47,0.5500000000001819,0.0
1790979669889.0,4146.91,4147.46,0.5500000000001819,0.0
1790979669991.0,4146.92,4147.47,0.5500000000001819,0.0
1790979670489.0,4146.84,4147.39,0.5500000000001819,0.0
1790979670588.0,4146.85,4147.41,0.5599999999994907,0.0
1790979670688.0,4146.83,4147.38,0.5500000000001819,0.0
1790979670789.0,4147.12,4147.68,0.5600000000004002,0.0
1790979670889.0,4147.05,4147.6,0.5500000000001819,0.0
1790979670988.0,4146.99,4147.55,0.5600000000004002,0.0
1790979671088.0,4147.14,4147.69,0.5499999999992724,0.0
1790979671188.0,4147.12,4147.68,0.5600000000004002,0.0
1790979671273.0,4147.11,4147.67,0.5600000000004002,0.0
1790979671438.0,4147.1,4147.65,0.5499999999992724,0.0
1790979671511.0,4147.1,4147.66,0.5599999999994907,0.0
1790979671582.0,4147.05,4147.6,0.5500000000001819,0.0
1790979671682.0,4147.09,4147.65,0.5599999999994907,0.0
1790979671783.0,4147.05,4147.6,0.5500000000001819,0.0
1790979672038.0,4147.09,4147.65,0.5599999999994907,0.0
1790979672121.0,4147.11,4147.67,0.5600000000004002,0.0
1790979672224.0,4147.1,4147.65,0.5499999999992724,0.0
1790979672332.0,4147.12,4147.68,0.5600000000004002,0.0
1790979672543.0,4147.19,4147.74,0.5500000000001819,0.0
1790979672621.0,4147.15,4147.7,0.5500000000001819,0.0
1790979673138.0,4147.11,4147.67,0.5600000000004002,0.0
1790979673340.0,4147.18,4147.73,0.5499999999992724,0.0
1790979673434.0,4147.14,4147.7,0.5599999999994907,0.0
1790979673540.0,4147.05,4147.61,0.5599999999994907,0.0
1790979673640.0,4147.01,4147.57,0.5599999999994907,0.0
1790979673744.0,4147.0,4147.56,0.5600000000004002,0.0
1790979674139.0,4146.99,4147.55,0.5600000000004002,0.0
1790979674339.0,4146.94,4147.49,0.5500000000001819,0.0
1790979674438.0,4147.01,4147.57,0.5599999999994907,0.0
1790979674688.0,4146.98,4147.54,0.5600000000004002,0.0
1790979675083.0,4147.0,4147.56,0.5600000000004002,0.0
1790979675534.0,4146.91,4147.46,0.5500000000001819,0.0
1790979676138.0,4146.89,4147.45,0.5599999999994907,0.0
1790979676554.0,4146.86,4147.42,0.5600000000004002,0.0
1790979676688.0,4146.89,4147.45,0.5599999999994907,0.0
1790979676839.0,4146.87,4147.43,0.5600000000004002,0.0
1790979676986.0,4146.89,4147.45,0.5599999999994907,0.0
1790979677189.0,4146.91,4147.47,0.5600000000004002,0.0
1790979677289.0,4146.88,4147.44,0.5599999999994907,0.0
1790979677543.0,4146.9,4147.46,0.5600000000004002,0.0
1790979677738.0,4147.06,4147.61,0.5499999999992724,0.0
1790979677841.0,4147.05,4147.61,0.5599999999994907,0.0
1790979679339.0,4147.07,4147.62,0.5500000000001819,0.0
1790979679503.0,4147.04,4147.6,0.5600000000004002,0.0
1790979680338.0,4146.81,4147.36,0.5499999999992724,0.0
1790979680411.0,4146.85,4147.41,0.5599999999994907,0.0
1790979680570.0,4146.89,4147.45,0.5599999999994907,0.0
1790979680688.0,4146.86,4147.42,0.5600000000004002,0.0
1790979681145.0,4146.93,4147.49,0.5599999999994907,0.0
1790979681242.0,4147.09,4147.64,0.5500000000001819,0.0
1790979681342.0,4147.08,4147.63,0.5500000000001819,0.0
1790979681541.0,4147.11,4147.67,0.5600000000004002,0.0
1790979681846.0,4147.19,4147.74,0.5500000000001819,0.0
1790979681951.0,4147.2,4147.75,0.5500000000001819,0.0
1790979682489.0,4147.22,4147.78,0.5599999999994907,0.0
1790979682576.0,4147.19,4147.75,0.5600000000004002,0.0
1790979682680.0,4147.21,4147.77,0.5600000000004002,0.0
1790979683388.0,4147.17,4147.72,0.5500000000001819,0.0
1790979683515.0,4147.15,4147.71,0.5600000000004002,0.0
1790979683940.0,4147.13,4147.68,0.5500000000001819,0.0
1790979684250.0,4147.12,4147.67,0.5500000000001819,0.0
1790979684339.0,4147.02,4147.58,0.5599999999994907,0.0
1790979684687.0,4147.07,4147.63,0.5600000000004002,0.0
1790979685893.0,4147.05,4147.61,0.5599999999994907,0.0
1790979686391.0,4147.03,4147.58,0.5500000000001819,0.0
1790979686538.0,4146.96,4147.52,0.5600000000004002,0.0
1790979686638.0,4146.94,4147.5,0.5600000000004002,0.0
1790979687039.0,4146.95,4147.51,0.5600000000004002,0.0
1790979687140.0,4146.93,4147.48,0.5499999999992724,0.0
1790979687445.0,4146.95,4147.51,0.5600000000004002,0.0
1790979687542.0,4146.91,4147.47,0.5600000000004002,0.0
1790979687640.0,4146.92,4147.48,0.5599999999994907,0.0
1790979687737.0,4146.89,4147.44,0.5499999999992724,0.0
1790979687818.0,4146.9,4147.45,0.5500000000001819,0.0
1790979687892.0,4146.89,4147.44,0.5499999999992724,0.0
1790979688139.0,4146.9,4147.45,0.5500000000001819,0.0
1790979688339.0,4146.95,4147.5,0.5500000000001819,0.0
1790979688897.0,4146.96,4147.52,0.5600000000004002,0.0
1790979689103.0,4146.98,4147.53,0.5500000000001819,0.0
1790979689243.0,4146.83,4147.39,0.5600000000004002,0.0
1790979689319.0,4146.82,4147.38,0.5600000000004002,0.0
1790979689391.0,4146.8,4147.36,0.5599999999994907,0.0
1790979689492.0,4146.79,4147.34,0.5500000000001819,0.0
1790979689838.0,4146.78,4147.33,0.5500000000001819,0.0
1790979690237.0,4146.74,4147.3,0.5600000000004002,0.0
1790979690344.0,4146.93,4147.49,0.5599999999994907,0.0
1790979690642.0,4147.0,4147.56,0.5600000000004002,0.0
1790979690858.0,4146.97,4147.53,0.5599999999994907,0.0
1790979690960.0,4146.98,4147.54,0.5600000000004002,0.0
1790979691042.0,4147.06,4147.61,0.5499999999992724,0.0
1790979691113.0,4147.12,4147.68,0.5600000000004002,0.0
1790979691787.0,4147.11,4147.67,0.5600000000004002,0.0
1790979692075.0,4147.09,4147.65,0.5599999999994907,0.0
1790979692145.0,4147.06,4147.61,0.5499999999992724,0.0
1790979692589.0,4147.08,4147.64,0.5600000000004002,0.0
1790979692956.0,4147.05,4147.6,0.5500000000001819,0.0
1790979693038.0,4147.09,4147.65,0.5599999999994907,0.0
1790979693108.0,4147.12,4147.68,0.5600000000004002,0.0
1790979693190.0,4147.23,4147.78,0.5500000000001819,0.0
1790979693391.0,4147.24,4147.8,0.5600000000004002,0.0
1790979693489.0,4147.23,4147.78,0.5500000000001819,0.0
1790979693719.0,4147.24,4147.8,0.5600000000004002,0.0
1790979694038.0,4147.2,4147.75,0.5500000000001819,0.0
1790979694138.0,4147.09,4147.64,0.5500000000001819,0.0
1790979694237.0,4147.1,4147.66,0.5599999999994907,0.0
1790979694329.0,4147.15,4147.71,0.5600000000004002,0.0
1790979694441.0,4147.11,4147.67,0.5600000000004002,0.0
1790979694538.0,4146.99,4147.54,0.5500000000001819,0.0
1790979694637.0,4146.9,4147.46,0.5600000000004002,0.0
1790979694737.0,4146.91,4147.47,0.5600000000004002,0.0
1790979695601.0,4147.03,4147.59,0.5600000000004002,0.0
1790979695689.0,4147.0,4147.55,0.5500000000001819,0.0
1790979696190.0,4146.98,4147.53,0.5500000000001819,0.0
1790979696534.0,4146.92,4147.48,0.5599999999994907,0.0
1790979696644.0,4146.91,4147.47,0.5600000000004002,0.0
1790979696743.0,4146.88,4147.44,0.5599999999994907,0.0
1790979697542.0,4147.05,4147.61,0.5599999999994907,0.0
1790979697640.0,4147.0,4147.55,0.5500000000001819,0.0
1790979697715.0,4147.03,4147.59,0.5600000000004002,0.0
1790979697789.0,4147.08,4147.64,0.5600000000004002,0.0
1790979697893.0,4147.05,4147.61,0.5599999999994907,0.0
1790979698057.0,4147.03,4147.59,0.5600000000004002,0.0
1790979698138.0,4146.98,4147.53,0.5500000000001819,0.0
1790979698239.0,4146.99,4147.54,0.5500000000001819,0.0
1790979698488.0,4147.02,4147.58,0.5599999999994907,0.0
1790979698688.0,4147.05,4147.61,0.5599999999994907,0.0
1790979698758.0,4147.02,4147.58,0.5599999999994907,0.0
1790979699094.0,4147.05,4147.6,0.5500000000001819,0.0
1790979699193.0,4147.01,4147.57,0.5599999999994907,0.0
1790979699839.0,4147.0,4147.56,0.5600000000004002,0.0
1790979700194.0,4146.99,4147.54,0.5500000000001819,0.0
1790979700292.0,4146.82,4147.37,0.5500000000001819,0.0
1790979700445.0,4146.89,4147.44,0.5499999999992724,0.0
1790979700537.0,4146.87,4147.42,0.5500000000001819,0.0
1790979701340.0,4146.9,4147.46,0.5600000000004002,0.0
1790979701416.0,4146.85,4147.4,0.5499999999992724,0.0
1790979701489.0,4146.88,4147.43,0.5500000000001819,0.0
1790979702944.0,4146.99,4147.54,0.5500000000001819,0.0
1790979703041.0,4146.96,4147.52,0.5600000000004002,0.0
1790979703144.0,4146.93,4147.49,0.5599999999994907,0.0
1790979703341.0,4146.88,4147.44,0.5599999999994907,0.0
1790979703414.0,4146.93,4147.49,0.5599999999994907,0.0
1790979703543.0,4146.91,4147.47,0.5600000000004002,0.0
1790979703739.0,4146.93,4147.49,0.5599999999994907,0.0
1790979703838.0,4146.92,4147.48,0.5599999999994907,0.0
1790979704003.0,4146.93,4147.49,0.5599999999994907,0.0
1790979704339.0,4146.92,4147.48,0.5599999999994907,0.0
1790979705094.0,4147.05,4147.61,0.5599999999994907,0.0
1790979705340.0,4147.03,4147.59,0.5600000000004002,0.0
1790979706838.0,4147.04,4147.6,0.5600000000004002,0.0
1790979706940.0,4147.03,4147.59,0.5600000000004002,0.0
1790979708000.0,4147.01,4147.57,0.5599999999994907,0.0
1790979708842.0,4147.13,4147.67,0.5399999999999636,0.0
1790979708938.0,4147.03,4147.58,0.5500000000001819,0.0
1790979709014.0,4147.07,4147.63,0.5600000000004002,0.0
1790979709275.0,4147.04,4147.6,0.5600000000004002,0.0
1790979709422.0,4147.09,4147.64,0.5500000000001819,0.0
1790979709523.0,4147.05,4147.61,0.5599999999994907,0.0
1790979709711.0,4147.07,4147.63,0.5600000000004002,0.0
1790979709818.0,4147.02,4147.58,0.5599999999994907,0.0
1790979710238.0,4146.98,4147.53,0.5500000000001819,0.0
1790979710338.0,4147.0,4147.56,0.5600000000004002,0.0
1790979710437.0,4147.01,4147.57,0.5599999999994907,0.0
1790979710798.0,4146.98,4147.53,0.5500000000001819,0.0
1790979711105.0,4146.95,4147.51,0.5600000000004002,0.0
1790979711541.0,4147.04,4147.59,0.5500000000001819,0.0
1790979711639.0,4146.94,4147.49,0.5500000000001819,0.0
1790979711764.0,4146.99,4147.55,0.5600000000004002,0.0
1790979711869.0,4146.96,4147.52,0.5600000000004002,0.0
1790979712092.0,4146.97,4147.53,0.5599999999994907,0.0
1790979712192.0,4147.0,4147.56,0.5600000000004002,0.0
1790979712603.0,4146.98,4147.54,0.5600000000004002,0.0
1790979712688.0,4146.96,4147.52,0.5600000000004002,0.0
1790979713324.0,4146.94,4147.5,0.5600000000004002,0.0
1790979713954.0,4146.95,4147.51,0.5600000000004002,0.0
1790979714041.0,4146.94,4147.5,0.5600000000004002,0.0
1790979714139.0,4146.89,4147.44,0.5499999999992724,0.0
1790979714355.0,4146.83,4147.39,0.5600000000004002,0.0
1790979714438.0,4146.82,4147.38,0.5600000000004002,0.0
1790979714589.0,4146.85,4147.41,0.5599999999994907,0.0
1790979714887.0,4146.84,4147.4,0.5599999999994907,0.0
1790979714986.0,4146.85,4147.41,0.5599999999994907,0.0
1790979715087.0,4146.68,4147.23,0.5499999999992724,0.0
1790979715188.0,4146.78,4147.34,0.5600000000004002,0.0
1790979715337.0,4146.74,4147.3,0.5600000000004002,0.0
1790979715506.0,4146.73,4147.29,0.5600000000004002,0.0
1790979715600.0,4146.74,4147.3,0.5600000000004002,0.0
1790979715676.0,4146.73,4147.29,0.5600000000004002,0.0
1790979716047.0,4146.82,4147.38,0.5600000000004002,0.0
1790979716140.0,4146.83,4147.39,0.5600000000004002,0.0
1790979716280.0,4146.82,4147.38,0.5600000000004002,0.0
1790979716463.0,4146.81,4147.36,0.5499999999992724,0.0
1790979716592.0,4146.8,4147.35,0.5500000000001819,0.0
1790979716669.0,4146.84,4147.4,0.5599999999994907,0.0
1790979718288.0,4146.64,4147.19,0.5499999999992724,0.0
1790979718382.0,4146.78,4147.34,0.5600000000004002,0.0
1790979720141.0,4146.73,4147.29,0.5600000000004002,0.0
1790979720239.0,4146.71,4147.26,0.5500000000001819,0.0
1790979720344.0,4146.72,4147.27,0.5500000000001819,0.0
1790979720492.0,4146.73,4147.29,0.5600000000004002,0.0
1790979720738.0,4146.73,4147.28,0.5500000000001819,0.0
1790979720817.0,4146.68,4147.24,0.5599999999994907,0.0
1790979720889.0,4146.7,4147.25,0.5500000000001819,0.0
1790979721439.0,4146.63,4147.19,0.5599999999994907,0.0
1790979721561.0,4146.7,4147.25,0.5500000000001819,0.0
1790979721751.0,4146.71,4147.27,0.5600000000004002,0.0
1790979722195.0,4146.62,4147.18,0.5600000000004002,0.0
1790979722297.0,4146.57,4147.13,0.5600000000004002,0.0
1790979722396.0,4146.54,4147.09,0.5500000000001819,0.0
1790979722692.0,4146.56,4147.11,0.5499999999992724,0.0
1790979722805.0,4146.55,4147.1,0.5500000000001819,0.0
1790979722888.0,4146.56,4147.11,0.5499999999992724,0.0
1790979723187.0,4146.53,4147.09,0.5600000000004002,0.0
1790979723538.0,4146.51,4147.06,0.5500000000001819,0.0
1790979723622.0,4146.55,4147.11,0.5599999999994907,0.0
1790979723889.0,4146.76,4147.31,0.5500000000001819,0.0
1790979723995.0,4146.78,4147.34,0.5600000000004002,0.0
1790979724140.0,4146.8,4147.35,0.5500000000001819,0.0
1790979725138.0,4146.79,4147.35,0.5600000000004002,0.0
1790979725693.0,4146.67,4147.22,0.5500000000001819,0.0
1790979725888.0,4146.65,4147.2,0.5500000000001819,0.0
1790979725989.0,4146.66,4147.21,0.5500000000001819,0.0
1790979726091.0,4146.68,4147.23,0.5499999999992724,0.0
1790979726189.0,4146.73,4147.29,0.5600000000004002,0.0
1790979726267.0,4146.7,4147.26,0.5600000000004002,0.0
1790979726339.0,4146.69,4147.25,0.5600000000004002,0.0
1790979726443.0,4146.65,4147.2,0.5500000000001819,0.0
1790979726538.0,4146.63,4147.18,0.5500000000001819,0.0
1790979726637.0,4146.64,4147.19,0.5499999999992724,0.0
1790979726712.0,4146.69,4147.25,0.5600000000004002,0.0
1790979726836.0,4146.65,4147.2,0.5500000000001819,0.0
1790979726937.0,4146.67,4147.23,0.5599999999994907,0.0
1790979727039.0,4146.65,4147.2,0.5500000000001819,0.0
1790979727143.0,4146.77,4147.33,0.5599999999994907,0.0
1790979727291.0,4146.78,4147.34,0.5600000000004002,0.0
1790979727390.0,4146.74,4147.29,0.5500000000001819,0.0
1790979727596.0,4146.73,4147.28,0.5500000000001819,0.0
1790979727687.0,4146.74,4147.29,0.5500000000001819,0.0
1790979727853.0,4146.73,4147.28,0.5500000000001819,0.0
1790979728111.0,4146.72,4147.27,0.5500000000001819,0.0
1790979728191.0,4146.68,4147.24,0.5599999999994907,0.0
1790979728789.0,4146.69,4147.25,0.5600000000004002,0.0
1790979729137.0,4146.7,4147.26,0.5600000000004002,0.0
1790979729208.0,4146.73,4147.28,0.5500000000001819,0.0
1790979729296.0,4146.82,4147.38,0.5600000000004002,0.0
1790979729393.0,4146.87,4147.43,0.5600000000004002,0.0
1790979729510.0,4146.85,4147.41,0.5599999999994907,0.0
1790979730046.0,4146.87,4147.43,0.5600000000004002,0.0
1790979730144.0,4146.88,4147.44,0.5599999999994907,0.0
1790979730223.0,4146.85,4147.41,0.5599999999994907,0.0
1790979730323.0,4146.89,4147.45,0.5599999999994907,0.0
1790979730892.0,4146.91,4147.47,0.5600000000004002,0.0
1790979730968.0,4146.81,4147.37,0.5599999999994907,0.0
1790979731738.0,4146.79,4147.35,0.5600000000004002,0.0
1790979731841.0,4146.81,4147.37,0.5599999999994907,0.0
1790979732240.0,4146.79,4147.34,0.5500000000001819,0.0
1790979732339.0,4146.62,4147.17,0.5500000000001819,0.0
1790979732412.0,4146.65,4147.21,0.5600000000004002,0.0
1790979733538.0,4146.65,4147.2,0.5500000000001819,0.0
1790979733887.0,4146.64,4147.2,0.5599999999994907,0.0
1790979734092.0,4146.3,4146.86,0.5599999999994907,0.0
1790979734188.0,4146.33,4146.89,0.5600000000004002,0.0
1790979734289.0,4146.29,4146.85,0.5600000000004002,0.0
1790979734388.0,4146.28,4146.84,0.5600000000004002,0.0
1790979734487.0,4146.32,4146.86,0.5399999999999636,0.0
1790979734586.0,4146.39,4146.95,0.5599999999994907,0.0
1790979734687.0,4146.37,4146.92,0.5500000000001819,0.0
1790979735389.0,4146.44,4146.98,0.5399999999999636,0.0
1790979735499.0,4146.49,4147.04,0.5500000000001819,0.0
1790979735808.0,4146.48,4147.03,0.5500000000001819,0.0
1790979736389.0,4146.47,4147.02,0.5500000000001819,0.0
1790979736518.0,4146.44,4146.99,0.5500000000001819,0.0
1790979737341.0,4146.42,4146.97,0.5500000000001819,0.0
1790979737740.0,4146.43,4146.98,0.5499999999992724,0.0
1790979739113.0,4146.44,4146.99,0.5500000000001819,0.0
1790979739338.0,4146.45,4147.0,0.5500000000001819,0.0
1790979739451.0,4146.52,4147.07,0.5499999999992724,0.0
1790979739940.0,4146.54,4147.09,0.5500000000001819,0.0
1790979740496.0,4146.51,4147.07,0.5599999999994907,0.0
1790979740696.0,4146.61,4147.17,0.5600000000004002,0.0
1790979740793.0,4146.6,4147.15,0.5499999999992724,0.0
1790979741193.0,4146.61,4147.16,0.5500000000001819,0.0
1790979741839.0,4146.55,4147.1,0.5500000000001819,0.0
1790979742038.0,4146.54,4147.09,0.5500000000001819,0.0
1790979742139.0,4146.56,4147.12,0.5599999999994907,0.0
1790979742689.0,4146.57,4147.13,0.5600000000004002,0.0
1790979743346.0,4146.57,4147.12,0.5500000000001819,0.0
1790979743796.0,4146.59,4147.15,0.5599999999994907,0.0
1790979744048.0,4146.58,4147.14,0.5600000000004002,0.0
1790979744162.0,4146.57,4147.13,0.5600000000004002,0.0
1790979744493.0,4146.54,4147.09,0.5500000000001819,0.0
1790979744589.0,4146.56,4147.11,0.5499999999992724,0.0
1790979744691.0,4146.47,4147.03,0.5599999999994907,0.0
1790979744781.0,4146.46,4147.02,0.5600000000004002,0.0
1790979745389.0,4146.46,4147.01,0.5500000000001819,0.0
1790979745591.0,4146.55,4147.1,0.5500000000001819,0.0
1790979745684.0,4146.57,4147.12,0.5500000000001819,0.0
1790979745798.0,4146.53,4147.08,0.5500000000001819,0.0
1790979746101.0,4146.57,4147.12,0.5500000000001819,0.0
1790979746694.0,4146.73,4147.29,0.5600000000004002,0.0
1790979746765.0,4146.83,4147.37,0.5399999999999636,0.0
1790979746870.0,4146.88,4147.43,0.5500000000001819,0.0
1790979746946.0,4146.92,4147.47,0.5500000000001819,0.0
1790979747041.0,4146.75,4147.31,0.5600000000004002,0.0
1790979747193.0,4146.74,4147.29,0.5500000000001819,0.0
1790979747314.0,4146.76,4147.32,0.5599999999994907,0.0
1790979747657.0,4146.77,4147.32,0.5499999999992724,0.0
1790979748238.0,4146.86,4147.41,0.5500000000001819,0.0
1790979748338.0,4147.08,4147.63,0.5500000000001819,0.0
1790979748442.0,4147.1,4147.65,0.5499999999992724,0.0
1790979748544.0,4146.99,4147.54,0.5500000000001819,0.0
1790979748639.0,4147.02,4147.57,0.5499999999992724,0.0
1790979748738.0,4147.09,4147.64,0.5500000000001819,0.0
1790979748841.0,4147.05,4147.6,0.5500000000001819,0.0
1790979748940.0,4147.04,4147.59,0.5500000000001819,0.0
1790979749012.0,4147.05,4147.61,0.5599999999994907,0.0
1790979749091.0,4147.05,4147.6,0.5500000000001819,0.0
1790979749194.0,4147.08,4147.63,0.5500000000001819,0.0
1790979749291.0,4147.12,4147.67,0.5500000000001819,0.0
1790979749390.0,4147.06,4147.62,0.5599999999994907,0.0
1790979749462.0,4147.07,4147.63,0.5600000000004002,0.0
1790979749545.0,4147.12,4147.67,0.5500000000001819,0.0
1790979749643.0,4147.32,4147.87,0.5500000000001819,0.0
1790979749719.0,4147.33,4147.88,0.5500000000001819,0.0
1790979749820.0,4147.34,4147.89,0.5500000000001819,0.0
1790979750537.0,4147.35,4147.9,0.5499999999992724,0.0
1790979750637.0,4147.3,4147.86,0.5599999999994907,0.0
1790979750754.0,4147.3,4147.85,0.5500000000001819,0.0
1790979750838.0,4147.33,4147.88,0.5500000000001819,0.0
1790979750938.0,4147.41,4147.96,0.5500000000001819,0.0
1790979751268.0,4147.4,4147.95,0.5500000000001819,0.0
1790979751340.0,4147.31,4147.87,0.5599999999994907,0.0
1790979751437.0,4147.33,4147.88,0.5500000000001819,0.0
1790979751939.0,4147.32,4147.87,0.5500000000001819,0.0
1790979752037.0,4147.31,4147.86,0.5499999999992724,0.0
1790979752152.0,4147.33,4147.88,0.5500000000001819,0.0
1790979752237.0,4147.34,4147.89,0.5500000000001819,0.0
1790979752343.0,4147.3,4147.85,0.5500000000001819,0.0
1790979752462.0,4147.29,4147.85,0.5600000000004002,0.0
1790979752541.0,4147.45,4148.0,0.5500000000001819,0.0
1790979752613.0,4147.38,4147.94,0.5599999999994907,0.0
1790979752691.0,4147.41,4147.96,0.5500000000001819,0.0
1790979752789.0,4147.43,4147.98,0.5499999999992724,0.0
1790979752891.0,4147.39,4147.95,0.5599999999994907,0.0
1790979752988.0,4147.54,4148.09,0.5500000000001819,0.0
1790979753091.0,4147.49,4148.04,0.5500000000001819,0.0
1790979753189.0,4147.48,4148.03,0.5500000000001819,0.0
1790979753266.0,4147.47,4148.02,0.5500000000001819,0.0
1790979753593.0,4147.54,4148.09,0.5500000000001819,0.0
1790979753693.0,4147.51,4148.07,0.5599999999994907,0.0
1790979754042.0,4147.6,4148.15,0.5499999999992724,0.0
1790979754141.0,4147.62,4148.18,0.5600000000004002,0.0
1790979754612.0,4147.61,4148.16,0.5500000000001819,0.0
1790979754738.0,4147.61,4148.17,0.5600000000004002,0.0
1790979754822.0,4147.62,4148.18,0.5600000000004002,0.0
1790979755086.0,4147.61,4148.17,0.5600000000004002,0.0
1790979755501.0,4147.6,4148.16,0.5599999999994907,0.0
1790979755589.0,4147.5,4148.06,0.5600000000004002,0.0
1790979755687.0,4147.49,4148.05,0.5600000000004002,0.0
1790979755938.0,4147.5,4148.06,0.5600000000004002,0.0
1790979756390.0,4147.54,4148.09,0.5500000000001819,0.0
1790979756494.0,4147.55,4148.1,0.5500000000001819,0.0
1790979756589.0,4147.58,4148.14,0.5600000000004002,0.0
1790979756699.0,4147.59,4148.14,0.5500000000001819,0.0
1790979756791.0,4147.61,4148.16,0.5500000000001819,0.0
1790979756890.0,4147.6,4148.15,0.5499999999992724,0.0
1790979756990.0,4147.59,4148.14,0.5500000000001819,0.0
1790979757093.0,4147.56,4148.12,0.5599999999994907,0.0
1790979757206.0,4147.55,4148.11,0.5599999999994907,0.0
1790979757391.0,4147.55,4148.1,0.5500000000001819,0.0
1790979757466.0,4147.52,4148.07,0.5499999999992724,0.0
1790979757591.0,4147.46,4148.02,0.5600000000004002,0.0
1790979758139.0,4147.11,4147.66,0.5500000000001819,0.0
1790979758238.0,4147.16,4147.71,0.5500000000001819,0.0
1790979758317.0,4147.3,4147.83,0.5299999999997453,0.0
1790979758593.0,4147.28,4147.81,0.5300000000006548,0.0
1790979758859.0,4147.29,4147.82,0.5299999999997453,0.0
1790979759313.0,4147.32,4147.86,0.5399999999999636,0.0
1790979759796.0,4147.23,4147.77,0.5400000000008731,0.0
1790979759894.0,4147.21,4147.75,0.5399999999999636,0.0
1790979760242.0,4147.17,4147.72,0.5500000000001819,0.0
1790979760339.0,4147.06,4147.61,0.5499999999992724,0.0
1790979760491.0,4147.1,4147.64,0.5399999999999636,0.0
1790979760739.0,4147.09,4147.63,0.5399999999999636,0.0
1790979761143.0,4147.19,4147.72,0.5300000000006548,0.0
1790979761238.0,4147.2,4147.73,0.5299999999997453,0.0
1790979761337.0,4147.25,4147.79,0.5399999999999636,0.0
1790979761649.0,4147.2,4147.75,0.5500000000001819,0.0
1790979761740.0,4147.25,4147.79,0.5399999999999636,0.0
1790979761840.0,4147.17,4147.72,0.5500000000001819,0.0
1790979762034.0,4147.15,4147.7,0.5500000000001819,0.0
1790979762145.0,4147.07,4147.62,0.5500000000001819,0.0
1790979762433.0,4147.06,4147.6,0.5399999999999636,0.0
1790979762538.0,4147.06,4147.61,0.5499999999992724,0.0
1790979762646.0,4147.16,4147.69,0.5299999999997453,0.0
1790979762739.0,4147.14,4147.67,0.5299999999997453,0.0
1790979762892.0,4147.23,4147.77,0.5400000000008731,0.0
1790979763339.0,4147.3,4147.83,0.5299999999997453,0.0
1790979763439.0,4147.38,4147.91,0.5299999999997453,0.0
1790979763533.0,4147.37,4147.9,0.5299999999997453,0.0
1790979763890.0,4147.36,4147.9,0.5399999999999636,0.0
1790979764188.0,4147.38,4147.91,0.5299999999997453,0.0
1790979764263.0,4147.4,4147.93,0.5300000000006548,0.0
1790979764414.0,4147.39,4147.92,0.5299999999997453,0.0
1790979764523.0,4147.38,4147.91,0.5299999999997453,0.0
1790979764599.0,4147.4,4147.93,0.5300000000006548,0.0
1790979764737.0,4147.36,4147.89,0.5300000000006548,0.0
1790979765191.0,4147.4,4147.93,0.5300000000006548,0.0
1790979765461.0,4147.39,4147.92,0.5299999999997453,0.0
1790979765646.0,4147.44,4147.97,0.5300000000006548,0.0
1790979765739.0,4147.46,4147.99,0.5299999999997453,0.0
1790979765839.0,4147.43,4147.96,0.5299999999997453,0.0
1790979765914.0,4147.41,4147.94,0.5299999999997453,0.0
1790979765991.0,4147.38,4147.92,0.5399999999999636,0.0
1790979766339.0,4147.23,4147.79,0.5600000000004002,0.0
1790979766450.0,4147.21,4147.77,0.5600000000004002,0.0
1790979766742.0,4147.26,4147.81,0.5500000000001819,0.0
1790979766843.0,4147.27,4147.82,0.5499999999992724,0.0
1790979766998.0,4147.2,4147.75,0.5500000000001819,0.0
1790979767089.0,4147.34,4147.89,0.5500000000001819,0.0
1790979767187.0,4147.35,4147.9,0.5499999999992724,0.0
1790979767288.0,4147.36,4147.91,0.5500000000001819,0.0
1790979767372.0,4147.35,4147.91,0.5599999999994907,0.0
1790979767490.0,4147.37,4147.92,0.5500000000001819,0.0
1790979767574.0,4147.3,4147.85,0.5500000000001819,0.0
1790979767667.0,4147.31,4147.86,0.5499999999992724,0.0
1790979767739.0,4147.27,4147.82,0.5499999999992724,0.0
1790979767841.0,4147.05,4147.6,0.5500000000001819,0.0
1790979767941.0,4147.23,4147.78,0.5500000000001819,0.0
1790979768092.0,4147.24,4147.79,0.5500000000001819,0.0
1790979768639.0,4147.17,4147.71,0.5399999999999636,0.0
1790979768740.0,4147.24,4147.8,0.5600000000004002,0.0
1790979769238.0,4147.25,4147.8,0.5500000000001819,0.0
1790979769651.0,4147.31,4147.86,0.5499999999992724,0.0
1790979770443.0,4147.29,4147.84,0.5500000000001819,0.0
1790979770790.0,4147.26,4147.81,0.5500000000001819,0.0
1790979770889.0,4147.19,4147.74,0.5500000000001819,0.0
1790979770977.0,4147.21,4147.76,0.5500000000001819,0.0
1790979771084.0,4147.31,4147.86,0.5499999999992724,0.0
1790979771396.0,4147.33,4147.89,0.5600000000004002,0.0
1790979771892.0,4147.35,4147.9,0.5499999999992724,0.0
1790979773499.0,4147.36,4147.92,0.5600000000004002,0.0
1790979773600.0,4147.38,4147.94,0.5599999999994907,0.0
1790979773950.0,4147.34,4147.89,0.5500000000001819,0.0
1790979775138.0,4147.39,4147.95,0.5599999999994907,0.0
1790979775740.0,4147.16,4147.71,0.5500000000001819,0.0
1790979775837.0,4147.17,4147.72,0.5500000000001819,0.0
1790979776038.0,4147.19,4147.74,0.5500000000001819,0.0
1790979776138.0,4147.29,4147.84,0.5500000000001819,0.0
1790979776238.0,4147.2,4147.75,0.5500000000001819,0.0
1790979776390.0,4147.22,4147.77,0.5500000000001819,0.0
1790979776697.0,4147.19,4147.74,0.5500000000001819,0.0
1790979776769.0,4147.2,4147.75,0.5500000000001819,0.0
1790979777038.0,4147.11,4147.66,0.5500000000001819,0.0
1790979777191.0,4147.07,4147.63,0.5600000000004002,0.0
1790979777263.0,4147.03,4147.58,0.5500000000001819,0.0
1790979777337.0,4147.05,4147.61,0.5599999999994907,0.0
1790979777640.0,4147.11,4147.66,0.5500000000001819,0.0
1790979777742.0,4147.19,4147.75,0.5600000000004002,0.0
1790979777839.0,4147.09,4147.65,0.5599999999994907,0.0
1790979777942.0,4147.12,4147.67,0.5500000000001819,0.0
1790979778042.0,4147.05,4147.6,0.5500000000001819,0.0
1790979778393.0,4147.02,4147.57,0.5499999999992724,0.0
1790979778489.0,4147.11,4147.66,0.5500000000001819,0.0
1790979778570.0,4147.14,4147.7,0.5599999999994907,0.0
1790979778687.0,4147.23,4147.78,0.5500000000001819,0.0
1790979778789.0,4147.28,4147.84,0.5600000000004002,0.0
1790979778880.0,4147.25,4147.81,0.5600000000004002,0.0
1790979779342.0,4147.19,4147.74,0.5500000000001819,0.0
1790979779838.0,4147.28,4147.83,0.5500000000001819,0.0
1790979779913.0,4147.32,4147.88,0.5600000000004002,0.0
1790979780193.0,4147.37,4147.93,0.5600000000004002,0.0
1790979780441.0,4147.37,4147.92,0.5500000000001819,0.0
1790979780788.0,4147.48,4148.03,0.5500000000001819,0.0
1790979780889.0,4147.56,4148.11,0.5499999999992724,0.0
1790979781077.0,4147.54,4148.09,0.5500000000001819,0.0
1790979781167.0,4147.52,4148.08,0.5599999999994907,0.0
1790979781238.0,4147.56,4148.11,0.5499999999992724,0.0
1790979781338.0,4147.38,4147.93,0.5500000000001819,0.0
1790979781438.0,4147.35,4147.9,0.5499999999992724,0.0
1790979781538.0,4147.34,4147.89,0.5500000000001819,0.0
1790979781637.0,4147.35,4147.9,0.5499999999992724,0.0
1790979781737.0,4147.37,4147.92,0.5500000000001819,0.0
1790979781812.0,4147.35,4147.9,0.5499999999992724,0.0
1790979782139.0,4147.43,4147.98,0.5499999999992724,0.0
1790979782489.0,4147.45,4148.0,0.5500000000001819,0.0
1790979782571.0,4147.43,4147.98,0.5499999999992724,0.0
1790979783088.0,4147.38,4147.93,0.5500000000001819,0.0
1790979783187.0,4147.41,4147.96,0.5500000000001819,0.0
1790979783289.0,4147.37,4147.92,0.5500000000001819,0.0
1790979783589.0,4147.22,4147.77,0.5500000000001819,0.0
1790979783691.0,4147.2,4147.75,0.5500000000001819,0.0
1790979783790.0,4147.19,4147.74,0.5500000000001819,0.0
1790979784037.0,4147.2,4147.75,0.5500000000001819,0.0
1790979784387.0,4147.3,4147.85,0.5500000000001819,0.0
1790979784688.0,4147.37,4147.93,0.5600000000004002,0.0
1790979784787.0,4147.35,4147.9,0.5499999999992724,0.0
1790979785288.0,4147.37,4147.93,0.5600000000004002,0.0
1790979786340.0,4147.31,4147.87,0.5599999999994907,0.0
1790979786459.0,4147.25,4147.8,0.5500000000001819,0.0
1790979786617.0,4147.28,4147.83,0.5500000000001819,0.0
1790979787588.0,4147.24,4147.79,0.5500000000001819,0.0
1790979787845.0,4147.31,4147.86,0.5499999999992724,0.0
1790979788189.0,4147.28,4147.83,0.5500000000001819,0.0
1790979789240.0,4147.29,4147.84,0.5500000000001819,0.0
1790979789694.0,4147.25,4147.8,0.5500000000001819,0.0
1790979789789.0,4147.2,4147.75,0.5500000000001819,0.0
1790979789896.0,4147.17,4147.72,0.5500000000001819,0.0
1790979790439.0,4147.28,4147.83,0.5500000000001819,0.0
1790979790692.0,4147.27,4147.82,0.5499999999992724,0.0
1790979790839.0,4147.24,4147.8,0.5600000000004002,0.0
1790979790990.0,4147.27,4147.82,0.5499999999992724,0.0
1790979791088.0,4147.28,4147.83,0.5500000000001819,0.0
1790979791188.0,4147.24,4147.8,0.5600000000004002,0.0
1790979791291.0,4147.28,4147.83,0.5500000000001819,0.0
1790979791369.0,4147.24,4147.8,0.5600000000004002,0.0
1790979791538.0,4147.28,4147.83,0.5500000000001819,0.0
1790979791693.0,4147.26,4147.81,0.5500000000001819,0.0
1790979791790.0,4147.18,4147.73,0.5499999999992724,0.0
1790979791883.0,4147.17,4147.72,0.5500000000001819,0.0
1790979792661.0,4147.18,4147.73,0.5499999999992724,0.0
1790979794075.0,4147.17,4147.72,0.5500000000001819,0.0
1790979794187.0,4147.18,4147.73,0.5499999999992724,0.0
1790979794291.0,4147.24,4147.8,0.5600000000004002,0.0
1790979794371.0,4147.05,4147.6,0.5500000000001819,0.0
1790979794461.0,4147.06,4147.61,0.5499999999992724,0.0
1790979794538.0,4147.03,4147.58,0.5500000000001819,0.0
1790979795542.0,4147.06,4147.61,0.5499999999992724,0.0
1790979795612.0,4147.04,4147.6,0.5600000000004002,0.0
1790979795851.0,4147.11,4147.67,0.5600000000004002,0.0
1790979796090.0,4147.04,4147.59,0.5500000000001819,0.0
1790979796492.0,4147.12,4147.68,0.5600000000004002,0.0
1790979796606.0,4147.08,4147.64,0.5600000000004002,0.0
1790979798010.0,4147.09,4147.64,0.5500000000001819,0.0
1790979798140.0,4147.27,4147.83,0.5599999999994907,0.0
1790979798241.0,4147.32,4147.87,0.5500000000001819,0.0
1790979798638.0,4147.36,4147.91,0.5500000000001819,0.0
1790979799039.0,4147.31,4147.86,0.5499999999992724,0.0
1790979799127.0,4147.33,4147.89,0.5600000000004002,0.0
1790979799289.0,4147.31,4147.86,0.5499999999992724,0.0
1790979800889.0,4147.27,4147.82,0.5499999999992724,0.0
1790979801091.0,4147.3,4147.85,0.5500000000001819,0.0
1790979801241.0,4147.26,4147.81,0.5500000000001819,0.0
1790979801343.0,4147.21,4147.76,0.5500000000001819,0.0
1790979801690.0,4147.27,4147.81,0.5399999999999636,0.0
1790979801788.0,4147.2,4147.75,0.5500000000001819,0.0
1790979801888.0,4147.17,4147.72,0.5500000000001819,0.0
1790979802438.0,4147.12,4147.67,0.5500000000001819,0.0
1790979802538.0,4147.12,4147.66,0.5399999999999636,0.0
1790979802649.0,4147.17,4147.72,0.5500000000001819,0.0
1790979803189.0,4147.19,4147.74,0.5500000000001819,0.0
1790979804142.0,4147.29,4147.84,0.5500000000001819,0.0
1790979804239.0,4147.32,4147.89,0.5700000000006185,0.0
1790979804437.0,4147.38,4147.94,0.5599999999994907,0.0
1790979805425.0,4147.37,4147.93,0.5600000000004002,0.0
1790979805588.0,4147.36,4147.92,0.5600000000004002,0.0
1790979805659.0,4147.43,4147.99,0.5599999999994907,0.0
1790979805741.0,4147.48,4148.04,0.5600000000004002,0.0
1790979805839.0,4147.44,4147.99,0.5500000000001819,0.0
1790979805928.0,4147.43,4147.98,0.5499999999992724,0.0
1790979806038.0,4147.35,4147.91,0.5599999999994907,0.0
1790979806339.0,4147.3,4147.85,0.5500000000001819,0.0
1790979806438.0,4147.35,4147.91,0.5599999999994907,0.0
1790979806525.0,4147.33,4147.88,0.5500000000001819,0.0
1790979807162.0,4147.32,4147.88,0.5600000000004002,0.0
1790979807638.0,4147.39,4147.95,0.5599999999994907,0.0
1790979807941.0,4147.33,4147.89,0.5600000000004002,0.0
1790979808039.0,4147.43,4147.99,0.5599999999994907,0.0
1790979808145.0,4147.43,4147.98,0.5499999999992724,0.0
1790979808288.0,4147.46,4148.02,0.5600000000004002,0.0
1790979808670.0,4147.43,4147.98,0.5499999999992724,0.0
1790979808773.0,4147.36,4147.92,0.5600000000004002,0.0
1790979808850.0,4147.29,4147.84,0.5500000000001819,0.0
1790979808938.0,4147.31,4147.86,0.5499999999992724,0.0
1790979809040.0,4147.33,4147.88,0.5500000000001819,0.0
1790979809242.0,4147.37,4147.92,0.5500000000001819,0.0
1790979809340.0,4147.28,4147.84,0.5600000000004002,0.0
1790979809439.0,4147.35,4147.9,0.5499999999992724,0.0
1790979809541.0,4147.31,4147.86,0.5499999999992724,0.0
1790979809647.0,4147.26,4147.81,0.5500000000001819,0.0
1790979809775.0,4147.24,4147.79,0.5500000000001819,0.0
1790979810338.0,4147.25,4147.8,0.5500000000001819,0.0
1790979810444.0,4147.32,4147.87,0.5500000000001819,0.0
1790979810541.0,4147.34,4147.89,0.5500000000001819,0.0
1790979810642.0,4147.36,4147.92,0.5600000000004002,0.0
1790979810738.0,4147.34,4147.89,0.5500000000001819,0.0
1790979810841.0,4147.58,4148.14,0.5600000000004002,0.0
1790979810939.0,4147.63,4148.19,0.5599999999994907,0.0
1790979811037.0,4147.68,4148.24,0.5599999999994907,0.0
1790979811137.0,4147.66,4148.21,0.5500000000001819,0.0
1790979811252.0,4147.68,4148.23,0.5499999999992724,0.0
1790979811449.0,4147.57,4148.12,0.5500000000001819,0.0
1790979811538.0,4147.58,4148.13,0.5500000000001819,0.0
1790979812638.0,4147.49,4148.04,0.5500000000001819,0.0
1790979812734.0,4147.5,4148.05,0.5500000000001819,0.0
1790979812843.0,4147.52,4148.08,0.5599999999994907,0.0
1790979812941.0,4147.67,4148.22,0.5500000000001819,0.0
1790979813041.0,4147.63,4148.18,0.5500000000001819,0.0
1790979813264.0,4147.59,4148.15,0.5599999999994907,0.0
1790979813338.0,4147.69,4148.25,0.5600000000004002,0.0
1790979813438.0,4147.67,4148.23,0.5599999999994907,0.0
1790979813638.0,4147.7,4148.25,0.5500000000001819,0.0
1790979813792.0,4147.71,4148.26,0.5500000000001819,0.0
1790979813938.0,4147.76,4148.31,0.5500000000001819,0.0
1790979814188.0,4147.77,4148.32,0.5499999999992724,0.0
1790979814538.0,4147.79,4148.34,0.5500000000001819,0.0
1790979814822.0,4147.81,4148.36,0.5499999999992724,0.0
1790979815241.0,4147.82,4148.37,0.5500000000001819,0.0
1790979815399.0,4147.78,4148.33,0.5500000000001819,0.0
1790979815644.0,4147.65,4148.21,0.5600000000004002,0.0
1790979815738.0,4147.58,4148.13,0.5500000000001819,0.0
1790979815839.0,4147.5,4148.05,0.5500000000001819,0.0
1790979816137.0,4147.47,4148.02,0.5500000000001819,0.0
1790979816394.0,4147.48,4148.04,0.5600000000004002,0.0
1790979816489.0,4147.41,4147.97,0.5600000000004002,0.0
1790979816588.0,4147.35,4147.9,0.5499999999992724,0.0
1790979816738.0,4147.34,4147.89,0.5500000000001819,0.0
1790979816839.0,4147.23,4147.78,0.5500000000001819,0.0
1790979817038.0,4147.2,4147.75,0.5500000000001819,0.0
1790979817338.0,4147.22,4147.77,0.5500000000001819,0.0
1790979817638.0,4147.28,4147.83,0.5500000000001819,0.0
1790979817738.0,4147.36,4147.91,0.5500000000001819,0.0
1790979818086.0,4147.34,4147.89,0.5500000000001819,0.0
1790979818176.0,4147.32,4147.87,0.5500000000001819,0.0
1790979818302.0,4147.34,4147.89,0.5500000000001819,0.0
1790979818438.0,4147.27,4147.82,0.5499999999992724,0.0
1790979818537.0,4147.34,4147.89,0.5500000000001819,0.0
1790979818637.0,4147.36,4147.91,0.5500000000001819,0.0
1790979818888.0,4147.34,4147.89,0.5500000000001819,0.0
1790979819238.0,4147.36,4147.91,0.5500000000001819,0.0
1790979819338.0,4147.35,4147.91,0.5599999999994907,0.0
1790979819438.0,4147.34,4147.89,0.5500000000001819,0.0
1790979819538.0,4147.32,4147.88,0.5600000000004002,0.0
1790979819677.0,4147.35,4147.91,0.5599999999994907,0.0
1790979819780.0,4147.36,4147.91,0.5500000000001819,0.0
1790979819889.0,4147.35,4147.9,0.5499999999992724,0.0
1790979820100.0,4147.36,4147.91,0.5500000000001819,0.0
1790979820203.0,4147.37,4147.93,0.5600000000004002,0.0
1790979820307.0,4147.43,4147.99,0.5599999999994907,0.0
1790979820488.0,4147.53,4148.08,0.5500000000001819,0.0
1790979820583.0,4147.47,4148.02,0.5500000000001819,0.0
1790979820688.0,4147.53,4148.08,0.5500000000001819,0.0
1790979820787.0,4147.55,4148.11,0.5599999999994907,0.0
1790979820889.0,4147.54,4148.09,0.5500000000001819,0.0
1790979820962.0,4147.53,4148.08,0.5500000000001819,0.0
1790979821038.0,4147.57,4148.12,0.5500000000001819,0.0
1790979821139.0,4147.6,4148.16,0.5599999999994907,0.0
1790979821239.0,4147.59,4148.15,0.5599999999994907,0.0
1790979821338.0,4147.56,4148.12,0.5599999999994907,0.0
1790979821455.0,4147.53,4148.08,0.5500000000001819,0.0
1790979821538.0,4147.54,4148.1,0.5600000000004002,0.0
1790979821737.0,4147.51,4148.07,0.5599999999994907,0.0
1790979821838.0,4147.55,4148.11,0.5599999999994907,0.0
1790979822639.0,4147.61,4148.16,0.5500000000001819,0.0
1790979822738.0,4147.59,4148.14,0.5500000000001819,0.0
1790979822811.0,4147.59,4148.15,0.5599999999994907,0.0
1790979822988.0,4147.6,4148.15,0.5499999999992724,0.0
1790979823344.0,4147.61,4148.17,0.5600000000004002,0.0
1790979823538.0,4147.62,4148.17,0.5500000000001819,0.0
1790979823662.0,4147.6,4148.16,0.5599999999994907,0.0
1790979823738.0,4147.63,4148.18,0.5500000000001819,0.0
1790979823828.0,4147.6,4148.16,0.5599999999994907,0.0
1790979824038.0,4147.58,4148.14,0.5600000000004002,0.0
1790979824136.0,4147.6,4148.16,0.5599999999994907,0.0
1790979824438.0,4147.61,4148.17,0.5600000000004002,0.0
1790979824539.0,4147.6,4148.16,0.5599999999994907,0.0
1790979824738.0,4147.58,4148.14,0.5600000000004002,0.0
1790979825138.0,4147.6,4148.16,0.5599999999994907,0.0
1790979825232.0,4147.59,4148.15,0.5599999999994907,0.0
1790979825688.0,4147.61,4148.17,0.5600000000004002,0.0
1790979825808.0,4147.6,4148.16,0.5599999999994907,0.0
1790979826288.0,4147.62,4148.17,0.5500000000001819,0.0
1790979826476.0,4147.6,4148.16,0.5599999999994907,0.0
1790979826789.0,4147.58,4148.13,0.5500000000001819,0.0
1790979826892.0,4147.59,4148.15,0.5599999999994907,0.0
1790979827103.0,4147.55,4148.1,0.5500000000001819,0.0
1790979827210.0,4147.57,4148.12,0.5500000000001819,0.0
1790979827539.0,4147.59,4148.15,0.5599999999994907,0.0
1790979827687.0,4147.58,4148.13,0.5500000000001819,0.0
1790979828022.0,4147.57,4148.12,0.5500000000001819,0.0
1790979828419.0,4147.54,4148.09,0.5500000000001819,0.0
1790979828680.0,4147.57,4148.12,0.5500000000001819,0.0
1790979828780.0,4147.56,4148.12,0.5599999999994907,0.0
1790979829192.0,4147.57,4148.12,0.5500000000001819,0.0
1790979829286.0,4147.5,4148.04,0.5399999999999636,0.0
1790979829406.0,4147.72,4148.26,0.5399999999999636,0.0
1790979830102.0,4147.73,4148.27,0.5400000000008731,0.0
1790979830189.0,4147.83,4148.37,0.5399999999999636,0.0
1790979830313.0,4147.7,4148.26,0.5600000000004002,0.0
1790979830419.0,4147.67,4148.23,0.5599999999994907,0.0
1790979830916.0,4147.68,4148.24,0.5599999999994907,0.0
1790979831220.0,4147.7,4148.25,0.5500000000001819,0.0
1790979832131.0,4147.69,4148.24,0.5500000000001819,0.0
1790979832421.0,4147.67,4148.22,0.5500000000001819,0.0
1790979832522.0,4147.67,4148.23,0.5599999999994907,0.0
1790979833835.0,4147.68,4148.23,0.5499999999992724,0.0
1790979834039.0,4147.82,4148.37,0.5500000000001819,0.0
1790979834157.0,4147.86,4148.41,0.5500000000001819,0.0
1790979834689.0,4147.91,4148.46,0.5500000000001819,0.0
1790979835039.0,4147.97,4148.52,0.5500000000001819,0.0
1790979835138.0,4147.99,4148.54,0.5500000000001819,0.0
1790979835290.0,4147.97,4148.52,0.5500000000001819,0.0
1790979835378.0,4148.0,4148.55,0.5500000000001819,0.0
1790979835888.0,4147.99,4148.54,0.5500000000001819,0.0
1790979835984.0,4148.01,4148.56,0.5500000000001819,0.0
1790979836093.0,4147.98,4148.54,0.5600000000004002,0.0
1790979836194.0,4147.96,4148.51,0.5500000000001819,0.0
1790979836337.0,4148.03,4148.58,0.5500000000001819,0.0
1790979836438.0,4148.04,4148.58,0.5399999999999636,0.0
1790979836640.0,4148.02,4148.56,0.5399999999999636,0.0
1790979836739.0,4147.95,4148.5,0.5500000000001819,0.0
1790979836811.0,4147.93,4148.48,0.5499999999992724,0.0
1790979837188.0,4147.93,4148.47,0.5399999999999636,0.0
1790979837357.0,4147.87,4148.42,0.5500000000001819,0.0
1790979837457.0,4147.86,4148.41,0.5500000000001819,0.0
1790979837539.0,4147.87,4148.42,0.5500000000001819,0.0
1790979837609.0,4147.85,4148.4,0.5499999999992724,0.0
1790979838089.0,4147.79,4148.35,0.5600000000004002,0.0
1790979838188.0,4147.7,4148.25,0.5500000000001819,0.0
1790979838339.0,4147.73,4148.28,0.5500000000001819,0.0
1790979838539.0,4147.74,4148.29,0.5500000000001819,0.0
1790979838638.0,4147.75,4148.3,0.5500000000001819,0.0
1790979838740.0,4147.79,4148.35,0.5600000000004002,0.0
1790979838839.0,4147.75,4148.3,0.5500000000001819,0.0
1790979838923.0,4147.76,4148.31,0.5500000000001819,0.0
1790979839638.0,4147.73,4148.28,0.5500000000001819,0.0
1790979839788.0,4147.74,4148.29,0.5500000000001819,0.0
1790979840090.0,4147.68,4148.24,0.5599999999994907,0.0
1790979840203.0,4147.53,4148.08,0.5500000000001819,0.0
1790979840323.0,4147.56,4148.12,0.5599999999994907,0.0
1790979840428.0,4147.55,4148.1,0.5500000000001819,0.0
1790979840988.0,4147.59,4148.14,0.5500000000001819,0.0
1790979841089.0,4147.72,4148.27,0.5500000000001819,0.0
1790979841173.0,4147.65,4148.2,0.5500000000001819,0.0
1790979841274.0,4147.8,4148.35,0.5500000000001819,0.0
1790979841360.0,4147.76,4148.31,0.5500000000001819,0.0
1790979841438.0,4147.75,4148.3,0.5500000000001819,0.0
1790979841546.0,4147.79,4148.34,0.5500000000001819,0.0
1790979842139.0,4147.76,4148.32,0.5599999999994907,0.0
1790979842238.0,4147.79,4148.35,0.5600000000004002,0.0
1790979842339.0,4147.86,4148.41,0.5500000000001819,0.0
1790979842443.0,4147.97,4148.52,0.5500000000001819,0.0
1790979842540.0,4147.95,4148.5,0.5500000000001819,0.0
1790979842638.0,4147.94,4148.5,0.5600000000004002,0.0
1790979842845.0,4147.94,4148.49,0.5500000000001819,0.0
1790979842937.0,4148.01,4148.56,0.5500000000001819,0.0
1790979843038.0,4148.05,4148.61,0.5599999999994907,0.0
1790979843139.0,4148.05,4148.6,0.5500000000001819,0.0
1790979843213.0,4148.04,4148.59,0.5500000000001819,0.0
1790979843446.0,4147.99,4148.54,0.5500000000001819,0.0
1790979843540.0,4148.07,4148.62,0.5500000000001819,0.0
1790979843637.0,4148.03,4148.58,0.5500000000001819,0.0
1790979843737.0,4148.1,4148.66,0.5599999999994907,0.0
1790979843838.0,4148.12,4148.68,0.5600000000004002,0.0
1790979843937.0,4148.29,4148.84,0.5500000000001819,0.0
1790979844039.0,4148.31,4148.86,0.5499999999992724,0.0
1790979844287.0,4148.31,4148.87,0.5599999999994907,0.0
1790979845689.0,4148.17,4148.72,0.5500000000001819,0.0
1790979845788.0,4148.18,4148.73,0.5499999999992724,0.0
1790979845939.0,4148.21,4148.76,0.5500000000001819,0.0
1790979846048.0,4148.26,4148.82,0.5599999999994907,0.0
1790979846238.0,4148.25,4148.8,0.5500000000001819,0.0
1790979846317.0,4148.24,4148.79,0.5500000000001819,0.0
1790979846538.0,4148.19,4148.74,0.5500000000001819,0.0
1790979846639.0,4148.2,4148.75,0.5500000000001819,0.0
1790979846738.0,4148.21,4148.77,0.5600000000004002,0.0
1790979846853.0,4148.23,4148.79,0.5600000000004002,0.0
1790979846953.0,4148.2,4148.76,0.5600000000004002,0.0
1790979847037.0,4148.26,4148.81,0.5500000000001819,0.0
1790979847191.0,4148.24,4148.8,0.5600000000004002,0.0
1790979847297.0,4148.21,4148.77,0.5600000000004002,0.0
1790979847439.0,4148.28,4148.83,0.5500000000001819,0.0
1790979847538.0,4148.26,4148.82,0.5599999999994907,0.0
1790979847640.0,4148.28,4148.83,0.5500000000001819,0.0
1790979847744.0,4148.48,4149.03,0.5500000000001819,0.0
1790979847839.0,4148.45,4149.01,0.5600000000004002,0.0
1790979847944.0,4148.48,4149.04,0.5600000000004002,0.0
1790979848041.0,4148.5,4149.05,0.5500000000001819,0.0
1790979848138.0,4148.54,4149.1,0.5600000000004002,0.0
1790979848240.0,4148.52,4149.07,0.5499999999992724,0.0
1790979848338.0,4148.53,4149.08,0.5500000000001819,0.0
1790979848788.0,4148.54,4149.1,0.5600000000004002,0.0
1790979848989.0,4148.53,4149.08,0.5500000000001819,0.0
1790979849068.0,4148.53,4149.09,0.5600000000004002,0.0
1790979849290.0,4148.46,4149.01,0.5500000000001819,0.0
1790979849391.0,4148.48,4149.04,0.5600000000004002,0.0
1790979849487.0,4148.52,4149.08,0.5599999999994907,0.0
1790979849689.0,4148.52,4149.07,0.5499999999992724,0.0
1790979849789.0,4148.55,4149.1,0.5500000000001819,0.0
1790979849891.0,4148.61,4149.17,0.5600000000004002,0.0
1790979849989.0,4148.68,4149.24,0.5599999999994907,0.0
1790979850100.0,4148.67,4149.22,0.5500000000001819,0.0
1790979850190.0,4148.63,4149.19,0.5599999999994907,0.0
1790979850940.0,4148.62,4149.18,0.5600000000004002,0.0
1790979851031.0,4148.6,4149.16,0.5599999999994907,0.0
1790979851489.0,4148.65,4149.2,0.5500000000001819,0.0
1790979851586.0,4148.67,4149.22,0.5500000000001819,0.0
1790979851689.0,4148.63,4149.19,0.5599999999994907,0.0
1790979851809.0,4148.61,4149.16,0.5500000000001819,0.0
1790979852116.0,4148.64,4149.2,0.5599999999994907,0.0
1790979852298.0,4148.61,4149.16,0.5500000000001819,0.0
1790979852388.0,4148.63,4149.19,0.5599999999994907,0.0
1790979852530.0,4148.59,4149.14,0.5500000000001819,0.0
1790979852638.0,4148.65,4149.21,0.5600000000004002,0.0
1790979852737.0,4148.59,4149.14,0.5500000000001819,0.0
1790979852843.0,4148.62,4149.18,0.5600000000004002,0.0
1790979853089.0,4148.59,4149.15,0.5599999999994907,0.0
1790979853295.0,4148.5,4149.05,0.5500000000001819,0.0
1790979853392.0,4148.55,4149.1,0.5500000000001819,0.0
1790979853588.0,4148.5,4149.06,0.5600000000004002,0.0
1790979853687.0,4148.47,4149.02,0.5500000000001819,0.0
1790979853778.0,4148.45,4149.0,0.5500000000001819,0.0
1790979853879.0,4148.41,4148.96,0.5500000000001819,0.0
1790979853988.0,4148.45,4149.0,0.5500000000001819,0.0
1790979854089.0,4148.43,4148.98,0.5499999999992724,0.0
1790979854194.0,4148.42,4148.97,0.5500000000001819,0.0
1790979854589.0,4148.41,4148.97,0.5600000000004002,0.0
1790979854689.0,4148.46,4149.01,0.5500000000001819,0.0
1790979854788.0,4148.44,4148.99,0.5500000000001819,0.0
1790979854890.0,4148.36,4148.92,0.5600000000004002,0.0
1790979854992.0,4148.32,4148.87,0.5500000000001819,0.0
1790979855252.0,4148.28,4148.83,0.5500000000001819,0.0
1790979856041.0,4148.24,4148.79,0.5500000000001819,0.0
1790979856113.0,4148.21,4148.76,0.5500000000001819,0.0
1790979856188.0,4148.23,4148.78,0.5500000000001819,0.0
1790979856275.0,4148.22,4148.77,0.5500000000001819,0.0
1790979856442.0,4148.2,4148.75,0.5500000000001819,0.0
1790979856594.0,4148.27,4148.83,0.5599999999994907,0.0
1790979856923.0,4148.24,4148.79,0.5500000000001819,0.0
1790979857139.0,4148.31,4148.86,0.5499999999992724,0.0
1790979857239.0,4148.27,4148.82,0.5499999999992724,0.0
1790979857339.0,4148.29,4148.84,0.5500000000001819,0.0
1790979857491.0,4148.22,4148.77,0.5500000000001819,0.0
1790979857744.0,4148.36,4148.91,0.5500000000001819,0.0
1790979857842.0,4148.31,4148.87,0.5599999999994907,0.0
1790979857988.0,4148.34,4148.89,0.5500000000001819,0.0
1790979858100.0,4148.36,4148.92,0.5600000000004002,0.0
1790979858207.0,4148.35,4148.91,0.5599999999994907,0.0
1790979859170.0,4148.35,4148.9,0.5499999999992724,0.0
1790979859389.0,4148.38,4148.94,0.5599999999994907,0.0
1790979859614.0,4148.38,4148.93,0.5500000000001819,0.0
1790979859689.0,4148.36,4148.92,0.5600000000004002,0.0
1790979859775.0,4148.17,4148.72,0.5500000000001819,0.0
1790979859880.0,4148.13,4148.69,0.5599999999994907,0.0
1790979859988.0,4148.15,4148.71,0.5600000000004002,0.0
1790979860100.0,4148.09,4148.64,0.5500000000001819,0.0
1790979860188.0,4148.14,4148.7,0.5599999999994907,0.0
1790979860353.0,4148.12,4148.68,0.5600000000004002,0.0
1790979860464.0,4148.11,4148.66,0.5500000000001819,0.0
1790979860744.0,4148.12,4148.67,0.5500000000001819,0.0
1790979861191.0,4148.1,4148.66,0.5599999999994907,0.0
1790979861394.0,4148.26,4148.82,0.5599999999994907,0.0
1790979861646.0,4148.31,4148.87,0.5599999999994907,0.0
1790979861741.0,4148.32,4148.88,0.5600000000004002,0.0
1790979863389.0,4148.32,4148.87,0.5500000000001819,0.0
1790979863490.0,4148.28,4148.84,0.5600000000004002,0.0
1790979863868.0,4148.25,4148.81,0.5600000000004002,0.0
1790979864090.0,4148.34,4148.9,0.5599999999994907,0.0
1790979864189.0,4148.38,4148.93,0.5500000000001819,0.0
1790979865039.0,4148.32,4148.87,0.5500000000001819,0.0
1790979865138.0,4148.22,4148.78,0.5599999999994907,0.0
1790979865244.0,4148.23,4148.79,0.5600000000004002,0.0
1790979865342.0,4148.18,4148.74,0.5599999999994907,0.0
1790979865440.0,4148.17,4148.72,0.5500000000001819,0.0
1790979865538.0,4148.14,4148.69,0.5499999999992724,0.0
1790979865611.0,4148.19,4148.74,0.5500000000001819,0.0
1790979865714.0,4148.22,4148.77,0.5500000000001819,0.0
1790979865839.0,4148.17,4148.72,0.5500000000001819,0.0
1790979865938.0,4148.16,4148.71,0.5500000000001819,0.0
1790979866090.0,4148.18,4148.74,0.5599999999994907,0.0
1790979866299.0,4148.08,4148.63,0.5500000000001819,0.0
1790979866389.0,4148.13,4148.68,0.5500000000001819,0.0
1790979866496.0,4148.0,4148.56,0.5600000000004002,0.0
1790979866589.0,4148.03,4148.59,0.5600000000004002,0.0
1790979866704.0,4147.99,4148.55,0.5600000000004002,0.0
1790979866787.0,4147.93,4148.49,0.5599999999994907,0.0
1790979866888.0,4148.05,4148.6,0.5500000000001819,0.0
1790979866987.0,4148.03,4148.59,0.5600000000004002,0.0
1790979867088.0,4147.98,4148.54,0.5600000000004002,0.0
1790979867194.0,4148.22,4148.78,0.5599999999994907,0.0
1790979867288.0,4148.12,4148.68,0.5600000000004002,0.0
1790979867389.0,4148.13,4148.69,0.5599999999994907,0.0
1790979867487.0,4148.16,4148.72,0.5600000000004002,0.0
1790979867565.0,4148.11,4148.67,0.5600000000004002,0.0
1790979867638.0,4148.08,4148.64,0.5600000000004002,0.0
1790979867748.0,4148.02,4148.58,0.5599999999994907,0.0
1790979868893.0,4147.71,4148.26,0.5500000000001819,0.0
1790979868988.0,4147.9,4148.45,0.5500000000001819,0.0
1790979869091.0,4147.99,4148.54,0.5500000000001819,0.0
1790979870438.0,4147.89,4148.45,0.5599999999994907,0.0
1790979870539.0,4147.92,4148.47,0.5500000000001819,0.0
1790979870638.0,4147.89,4148.45,0.5599999999994907,0.0
1790979870738.0,4147.9,4148.46,0.5600000000004002,0.0
1790979870867.0,4147.89,4148.45,0.5599999999994907,0.0
1790979871241.0,4147.86,4148.42,0.5600000000004002,0.0
1790979871340.0,4147.76,4148.32,0.5599999999994907,0.0
1790979871440.0,4147.74,4148.3,0.5600000000004002,0.0
1790979871540.0,4147.72,4148.28,0.5599999999994907,0.0
1790979871640.0,4147.74,4148.3,0.5600000000004002,0.0
1790979871789.0,4147.78,4148.34,0.5600000000004002,0.0
1790979871873.0,4147.73,4148.29,0.5600000000004002,0.0
1790979872048.0,4147.64,4148.19,0.5499999999992724,0.0
1790979872140.0,4147.64,4148.2,0.5599999999994907,0.0
1790979872242.0,4147.63,4148.19,0.5599999999994907,0.0
1790979872506.0,4147.59,4148.15,0.5599999999994907,0.0
1790979872591.0,4147.56,4148.12,0.5599999999994907,0.0
1790979872662.0,4147.54,4148.1,0.5600000000004002,0.0
1790979873138.0,4147.53,4148.09,0.5600000000004002,0.0
1790979873448.0,4147.62,4148.17,0.5500000000001819,0.0
1790979873539.0,4147.64,4148.19,0.5499999999992724,0.0
1790979873613.0,4147.65,4148.2,0.5500000000001819,0.0
1790979874140.0,4147.89,4148.45,0.5599999999994907,0.0
1790979874238.0,4148.02,4148.57,0.5499999999992724,0.0
1790979874339.0,4148.01,4148.56,0.5500000000001819,0.0
1790979874548.0,4147.99,4148.54,0.5500000000001819,0.0
1790979874653.0,4147.97,4148.52,0.5500000000001819,0.0
1790979875376.0,4147.99,4148.55,0.5600000000004002,0.0
1790979876441.0,4147.92,4148.47,0.5500000000001819,0.0
1790979876531.0,4147.88,4148.44,0.5599999999994907,0.0
1790979876640.0,4148.01,4148.56,0.5500000000001819,0.0
1790979876739.0,4148.06,4148.61,0.5499999999992724,0.0
1790979876840.0,4148.07,4148.62,0.5500000000001819,0.0
1790979877768.0,4148.06,4148.61,0.5499999999992724,0.0
1790979877840.0,4148.01,4148.57,0.5599999999994907,0.0
1790979877937.0,4147.99,4148.55,0.5600000000004002,0.0
1790979878036.0,4147.95,4148.51,0.5600000000004002,0.0
1790979878866.0,4147.97,4148.53,0.5599999999994907,0.0
1790979879092.0,4147.81,4148.37,0.5599999999994907,0.0
1790979879163.0,4147.79,4148.35,0.5600000000004002,0.0
1790979879274.0,4147.82,4148.38,0.5600000000004002,0.0
1790979879891.0,4147.87,4148.42,0.5500000000001819,0.0
1790979879987.0,4147.85,4148.4,0.5499999999992724,0.0
1790979880092.0,4147.85,4148.41,0.5599999999994907,0.0
1790979880292.0,4147.88,4148.43,0.5500000000001819,0.0
1790979881149.0,4147.89,4148.45,0.5599999999994907,0.0
1790979881847.0,4147.92,4148.48,0.5599999999994907,0.0
1790979882441.0,4147.91,4148.47,0.5600000000004002,0.0
1790979883039.0,4147.92,4148.48,0.5599999999994907,0.0
1790979883118.0,4147.91,4148.47,0.5600000000004002,0.0
1790979883190.0,4147.82,4148.38,0.5600000000004002,0.0
1790979883343.0,4147.8,4148.36,0.5599999999994907,0.0
1790979883488.0,4147.91,4148.46,0.5500000000001819,0.0
1790979884138.0,4147.92,4148.48,0.5599999999994907,0.0
1790979885189.0,4147.99,4148.54,0.5500000000001819,0.0
1790979885316.0,4147.98,4148.54,0.5600000000004002,0.0
1790979885440.0,4147.95,4148.5,0.5500000000001819,0.0
1790979885589.0,4147.95,4148.51,0.5600000000004002,0.0
1790979885690.0,4148.14,4148.7,0.5599999999994907,0.0
1790979885836.0,4148.08,4148.64,0.5600000000004002,0.0
1790979886493.0,4148.12,4148.67,0.5500000000001819,0.0
